"key";"scientificName";"decimalLatitude";"decimalLongitude";"issues";"datasetKey";"publishingOrgKey";"installationKey";"publishingCountry";"protocol";"lastCrawled";"lastParsed";"crawlId";"extensions";"basisOfRecord";"taxonKey";"kingdomKey";"phylumKey";"classKey";"orderKey";"familyKey";"genusKey";"speciesKey";"acceptedTaxonKey";"acceptedScientificName";"kingdom";"phylum";"order";"family";"genus";"species";"genericName";"specificEpithet";"taxonRank";"taxonomicStatus";"dateIdentified";"elevation";"elevationAccuracy";"continent";"stateProvince";"year";"month";"day";"eventDate";"lastInterpreted";"license";"identifiers";"facts";"relations";"geodeticDatum";"class";"countryCode";"country";"recordNumber";"identifier";"institutionID";"county";"locality";"verbatimCoordinateSystem";"collectionCode";"gbifID";"occurrenceID";"type";"catalogNumber";"recordedBy";"institutionCode";"previousIdentifications";"occurrenceRemarks";"collectionID";"identifiedBy";"name";"rightsHolder";"municipality";"datasetName";"otherCatalogNumbers";"references";"language";"preparations";"verbatimElevation";"georeferencedDate";"verbatimEventDate";"nomenclaturalCode";"georeferenceProtocol";"endDayOfYear";"startDayOfYear";"georeferenceSources";"higherGeography";"eventRemarks";"accessRights";"individualCount";"habitat";"higherClassification";"taxonID";"identificationID";"modified";"nomenclaturalStatus";"fieldNumber";"ownerInstitutionCode";"bibliographicCitation";"organismID";"datasetID"
"1";"2313475229";"Brocchinia acuminata L.B.Sm.";0.12867;-70.94394;"gass84";"a8f65e0b-5b75-4880-bebc-f9a3efe13ccd";"9d77fdeb-100f-4b29-98ad-4effdd824457";"338bd13b-2c49-466b-9f4f-4a0b79f8ed1a";"CO";"DWC_ARCHIVE";"2020-02-04T14:26:10.127+0000";"2020-02-19T14:11:28.303+0000";20;"none";"PRESERVED_SPECIMEN";5287587;6;7707728;196;1369;3740;2693409;5287587;5287587;"Brocchinia acuminata L.B.Sm.";"Plantae";"Tracheophyta";"Poales";"Bromeliaceae";"Brocchinia";"Brocchinia acuminata";"Brocchinia";"acuminata";"SPECIES";"ACCEPTED";"2018-06-01T00:00:00";604;0;"SOUTH_AMERICA";"Vaupés";2018;2;26;"2018-02-26T00:00:00";"2020-02-19T14:11:28.303+0000";"http://creativecommons.org/licenses/by-nc/4.0/legalcode";"none";"none";"none";"WGS84";"Liliopsida";"CO";"Colombia";"49837";"ColombiaBio:SINCHI:Apaporis:COAH:2018:101475";"860061110-3-01";"Pacoa";"comunidad de Morroco, cerro Morroco, vegetación arbustiva sobre afloramiento rocoso";"Grados, minutos, segundos";"COAH";"2313475229";"ColombiaBio:SINCHI:Apaporis:COAH:2018:101475";"PhysicalObject";"101475";"Cárdenas, D.";"Instituto Amazónico de Investigaciones Científicas SINCHI";"Brocchinia acuminata";"Ejemplar Botánico";"Registro Nacional de Colecciones Biológicas: 1";"Aguirre-S., J.";"Brocchinia acuminata L.B.Sm.";NA;NA;NA;NA;NA;NA;NA;NA;NA;NA;NA;NA;NA;NA;NA;NA;NA;NA;NA;NA;NA;NA;NA;NA;NA;NA;NA;NA;NA;NA
"2";"2313477301";"Brocchinia acuminata L.B.Sm.";0.14228;-70.95878;"gass84";"a8f65e0b-5b75-4880-bebc-f9a3efe13ccd";"9d77fdeb-100f-4b29-98ad-4effdd824457";"338bd13b-2c49-466b-9f4f-4a0b79f8ed1a";"CO";"DWC_ARCHIVE";"2020-02-04T14:26:10.127+0000";"2020-02-19T14:11:28.332+0000";20;"none";"PRESERVED_SPECIMEN";5287587;6;7707728;196;1369;3740;2693409;5287587;5287587;"Brocchinia acuminata L.B.Sm.";"Plantae";"Tracheophyta";"Poales";"Bromeliaceae";"Brocchinia";"Brocchinia acuminata";"Brocchinia";"acuminata";"SPECIES";"ACCEPTED";"2018-06-01T00:00:00";170;0;"SOUTH_AMERICA";"Vaupés";2018;2;25;"2018-02-25T00:00:00";"2020-02-19T14:11:28.332+0000";"http://creativecommons.org/licenses/by-nc/4.0/legalcode";"none";"none";"none";"WGS84";"Liliopsida";"CO";"Colombia";"21903";"ColombiaBio:SINCHI:Apaporis:COAH:2018:PR-086";"860061110-3-01";"Pacoa";"comunidad de Morroco, cerro Morroco, cuenca del río Cananarí, inmediaciones del PNN Yaigojé-Apaporis, bosque inclinado en la pendiente rocosa subiendo al cerro";"Grados, minutos, segundos";"COAH";"2313477301";"ColombiaBio:SINCHI:Apaporis:COAH:2018:PR-086";"PhysicalObject";"PR-086";"Betancur, J.";"Instituto Amazónico de Investigaciones Científicas SINCHI";"Brocchinia acuminata";"Ejemplar Botánico";"Registro Nacional de Colecciones Biológicas: 1";"J. Aguirre";"Brocchinia acuminata L.B.Sm.";NA;NA;NA;NA;NA;NA;NA;NA;NA;NA;NA;NA;NA;NA;NA;NA;NA;NA;NA;NA;NA;NA;NA;NA;NA;NA;NA;NA;NA;NA
"3";"1424503690";"Brocchinia acuminata L.B.Sm.";-8.158889;-60.172222;"cdround,gass84,muluriiv,preneglat";"4300f8d5-1ae5-49e5-a101-63894b005868";"838537fc-4aeb-4980-8b58-97fbdcd1d91a";"da7fe11a-b42c-46cb-9e9d-02243edb738a";"BR";"DWC_ARCHIVE";"2020-02-14T19:53:59.520+0000";"2020-02-14T20:38:25.140+0000";278;"none";"PRESERVED_SPECIMEN";5287587;6;7707728;196;1369;3740;2693409;5287587;5287587;"Brocchinia acuminata L.B.Sm.";"Plantae";"Tracheophyta";"Poales";"Bromeliaceae";"Brocchinia";"Brocchinia acuminata";"Brocchinia";"acuminata";"SPECIES";"ACCEPTED";NA;1380;NA;NA;"Roraima";2014;11;7;"2014-11-07T00:00:00";"2020-02-14T20:38:25.140+0000";"http://creativecommons.org/licenses/by/4.0/legalcode";"none";"none";"none";"WGS84";"Liliopsida";"BR";"Brazil";"18443";"urn:catalog:JBRJ:RB:929414";NA;NA;"Parque Nacional do Monte Roraima, Monte Caburaí, próximo da divisa com a Guiana, campos úmidos de Rapatecaeae.";NA;"RB";"1424503690";"urn:catalog:JBRJ:RB:929414";"Physical Object";"RB00929414";"G.Martinelli; M.Nadruz, R.Azoury, R.Forzza, D.Pinheiro";"JBRJ";NA;"heliófila ou ciófila, crescendo em transição entre campo úmido e mata de altitude; formando caules com até 1m de altura; terrestre ou epífita na base dos troncos de árvoretas ou arbustos, ou ainda entre raízes; bainhas formando pseudo-bulbos de até 1 metro de altura, de cor castanho-escuro; planta florida atingindo até 4m de altura; inflorescencia com escapo atropurpúreo, brácteas escapais verdes com nervuras na face dorsal castanho-claro e ápice vinoso; brácteas primárias atropurpúreas; ramos castanho-esverdeado, brácteas florais verdes; flores com calice verde, corola alvacenta; flores passadas com calice verde; frutos imaturos de cor verde; em cultivo JBRJ; amostra de DNA; flores em álcool.";NA;"R. G. Barbosa-Silva";"Brocchinia acuminata L.B.Sm.";"Rio de Janeiro Botanical Garden";"Uiramutã";"RB - Rio de Janeiro Botanical Garden Herbarium Collection";"RB 618153";NA;NA;NA;NA;NA;NA;NA;NA;NA;NA;NA;NA;NA;NA;NA;NA;NA;NA;NA;NA;NA;NA;NA;NA;NA;NA
"4";"1928763359";"Brocchinia acuminata L.B.Sm.";5.263396;-60.204289;"";"d415c253-4d61-4459-9d25-4015b9084fb0";"ae447c50-b8a8-11d8-92a4-b8a03c50a862";"17017c2c-036b-45d9-b045-606d21b00771";"US";"DWC_ARCHIVE";"2020-02-04T12:58:49.348+0000";"2020-02-10T20:32:50.080+0000";157;"none";"PRESERVED_SPECIMEN";5287587;6;7707728;196;1369;3740;2693409;5287587;5287587;"Brocchinia acuminata L.B.Sm.";"Plantae";"Tracheophyta";"Poales";"Bromeliaceae";"Brocchinia";"Brocchinia acuminata";"Brocchinia";"acuminata";"SPECIES";"ACCEPTED";NA;1380;0;"SOUTH_AMERICA";"Roraima";2014;11;7;"2014-11-07T00:00:00";"2020-02-10T20:32:50.080+0000";"http://creativecommons.org/publicdomain/zero/1.0/legalcode";"none";"none";"none";"WGS84";"Liliopsida";"BR";"Brazil";"18443";"465ff544-740d-47cd-8189-a2a011af2bed";"http://biocol.org/urn:lsid:biocol.org:col:15556";"Uiramutã";"Parque Nacional do Monte Roraima, Monte Caburaí, próximo da divisa com a Guiana, campos úmidos de Rapatecaeae.";NA;"NY";"1928763359";"465ff544-740d-47cd-8189-a2a011af2bed";"PhysicalObject";"02710355";"G. Martinelli";"NY";NA;NA;"http://biocol.org/urn:lsid:biocol.org:col:15556";NA;"Brocchinia acuminata L.B.Sm.";"The New York Botanical Garden";NA;"Vascular plants";NA;"http://sweetgum.nybg.org/science/vh/specimen_details.php?irn=2995720";"en";"sheet";"4528 ft";"2019-08-20";"7 Nov 2014";"ICN";"Corrected label coordinates";"31";"31";"Google Maps (map data 2019)";NA;NA;NA;NA;NA;NA;NA;NA;NA;NA;NA;NA;NA;NA;NA
"5";"1929984997";"Brocchinia acuminata L.B.Sm.";-8.158889;-60.172222;"gass84";"d415c253-4d61-4459-9d25-4015b9084fb0";"ae447c50-b8a8-11d8-92a4-b8a03c50a862";"17017c2c-036b-45d9-b045-606d21b00771";"US";"DWC_ARCHIVE";"2020-02-04T12:58:49.348+0000";"2020-02-10T20:32:46.721+0000";157;"none";"PRESERVED_SPECIMEN";5287587;6;7707728;196;1369;3740;2693409;5287587;5287587;"Brocchinia acuminata L.B.Sm.";"Plantae";"Tracheophyta";"Poales";"Bromeliaceae";"Brocchinia";"Brocchinia acuminata";"Brocchinia";"acuminata";"SPECIES";"ACCEPTED";NA;NA;NA;"SOUTH_AMERICA";"Roraima";2014;11;7;"2014-11-07T00:00:00";"2020-02-10T20:32:46.721+0000";"http://creativecommons.org/publicdomain/zero/1.0/legalcode";"none";"none";"none";"WGS84";"Liliopsida";"BR";"Brazil";"18443";"9d0def37-2631-46ce-aaa2-9636a15df20d";"http://biocol.org/urn:lsid:biocol.org:col:15556";"Uiramutã";"Parque Nacional do Monte Roraima, Monte Caburaí, próximo da divisa com a Guiana, campos úmidos de Rapatecaeae.";NA;"NY";"1929984997";"9d0def37-2631-46ce-aaa2-9636a15df20d";"PhysicalObject";"02710356";"G. Martinelli";"NY";NA;NA;"http://biocol.org/urn:lsid:biocol.org:col:15556";NA;"Brocchinia acuminata L.B.Sm.";"The New York Botanical Garden";NA;"Vascular plants";NA;"http://sweetgum.nybg.org/science/vh/specimen_details.php?irn=2995724";"en";"sheet";NA;NA;"7 Nov 2014";"ICN";NA;"31";"31";NA;NA;NA;NA;NA;NA;NA;NA;NA;NA;NA;NA;NA;NA;NA;NA
"6";"1930212199";"Brocchinia acuminata L.B.Sm.";-8.158889;-60.172222;"gass84";"d415c253-4d61-4459-9d25-4015b9084fb0";"ae447c50-b8a8-11d8-92a4-b8a03c50a862";"17017c2c-036b-45d9-b045-606d21b00771";"US";"DWC_ARCHIVE";"2020-02-04T12:58:49.348+0000";"2020-02-10T20:33:08.209+0000";157;"none";"PRESERVED_SPECIMEN";5287587;6;7707728;196;1369;3740;2693409;5287587;5287587;"Brocchinia acuminata L.B.Sm.";"Plantae";"Tracheophyta";"Poales";"Bromeliaceae";"Brocchinia";"Brocchinia acuminata";"Brocchinia";"acuminata";"SPECIES";"ACCEPTED";NA;NA;NA;"SOUTH_AMERICA";"Roraima";2014;11;7;"2014-11-07T00:00:00";"2020-02-10T20:33:08.209+0000";"http://creativecommons.org/publicdomain/zero/1.0/legalcode";"none";"none";"none";"WGS84";"Liliopsida";"BR";"Brazil";"18443";"ace7f880-c57c-46a0-b8ef-edf6a80e5770";"http://biocol.org/urn:lsid:biocol.org:col:15556";"Uiramutã";"Parque Nacional do Monte Roraima, Monte Caburaí, próximo da divisa com a Guiana, campos úmidos de Rapatecaeae.";NA;"NY";"1930212199";"ace7f880-c57c-46a0-b8ef-edf6a80e5770";"PhysicalObject";"02710357";"G. Martinelli";"NY";NA;NA;"http://biocol.org/urn:lsid:biocol.org:col:15556";NA;"Brocchinia acuminata L.B.Sm.";"The New York Botanical Garden";NA;"Vascular plants";NA;"http://sweetgum.nybg.org/science/vh/specimen_details.php?irn=2995727";"en";"sheet";NA;NA;"7 Nov 2014";"ICN";NA;"31";"31";NA;NA;NA;NA;NA;NA;NA;NA;NA;NA;NA;NA;NA;NA;NA;NA
"7";"2365703130";"Brocchinia acuminata L.B.Sm.";-8.158889;-60.172222;"cdround,gass84";"318730e8-4140-4297-b03c-4d34d0b6e0bd";"4f1aa16c-ac1f-4e25-95fa-70bd71b7a0b4";"43d575e8-6726-46a9-9464-dca8952b0758";"BR";"DWC_ARCHIVE";"2020-02-05T14:42:38.090+0000";"2020-02-10T19:12:05.291+0000";110;"none";"PRESERVED_SPECIMEN";5287587;6;7707728;196;1369;3740;2693409;5287587;5287587;"Brocchinia acuminata L.B.Sm.";"Plantae";"Tracheophyta";"Poales";"Bromeliaceae";"Brocchinia";"Brocchinia acuminata";"Brocchinia";"acuminata";"SPECIES";"ACCEPTED";NA;NA;NA;"SOUTH_AMERICA";"Roraima";2014;11;7;"2014-11-07T00:00:00";"2020-02-10T19:12:05.291+0000";"http://creativecommons.org/licenses/by-nc/4.0/legalcode";"none";"none";"none";"WGS84";"Liliopsida";"BR";"Brazil";NA;"MG230145";NA;"Uiramutã";"Parque Nacional do Monte Roraima";NA;"HERBMG";"2365703130";"MG230145";NA;"MG230145";"Martinelli, G.; Nadruz, M.; Azoury, R.; Forzza, R.C.";"MPEG";NA;NA;NA;"Barbosa-Silva, R.G.";"Brocchinia acuminata L.B.Sm.";"Museu Paraense Emílio Goeldi (MPEG)";NA;NA;NA;NA;NA;"exsicata";NA;NA;NA;NA;NA;NA;NA;NA;"Roraima, Uiramutã";"18443";"Creative Commons Attribution Non Commercial (CC-BY-NC) 4.0 License.";NA;NA;NA;NA;NA;NA;NA;NA;NA;NA;NA;NA
"8";"1318031435";"Brocchinia acuminata L.B.Sm.";6.08847;-60.6659;"gass84";"821cc27a-e3bb-4bc5-ac34-89ada245069d";"bc092ff0-02e4-11dc-991f-b8a03c50a862";"b2ff19b5-d74f-40d2-82f1-ec5db01e8e31";"US";"DWC_ARCHIVE";"2020-02-26T20:45:55.989+0000";"2020-02-26T22:04:18.834+0000";137;"none";"PRESERVED_SPECIMEN";5287587;6;7707728;196;1369;3740;2693409;5287587;5287587;"Brocchinia acuminata L.B.Sm.";"Plantae";"Tracheophyta";"Poales";"Bromeliaceae";"Brocchinia";"Brocchinia acuminata";"Brocchinia";"acuminata";"SPECIES";"ACCEPTED";NA;526;NA;"SOUTH_AMERICA";"Cuyuni-Mazaruni";2004;2;22;"2004-02-22T00:00:00";"2020-02-26T22:04:18.834+0000";"http://creativecommons.org/publicdomain/zero/1.0/legalcode";"none";"none";"none";"WGS84";"Liliopsida";"GY";"Guyana";"2073";"http://n2t.net/ark:/65665/324a6ca9b-fb99-487b-946c-33d4517c3e4a";"http://biocol.org/urn:lsid:biocol.org:col:34871";NA;"Pakaraima Mts., Mazaruni River, just above ABC Falls. Trail 2.03 miles SW of Base Camp 6 heading E to mining camp site. Trail turn-off leading to Chibama Landing. Moist forest";NA;"Botany";"1318031435";"http://n2t.net/ark:/65665/324a6ca9b-fb99-487b-946c-33d4517c3e4a";"PhysicalObject";"3553820";"K. M. Redden, R. Williams, C. Perry & C. Paul";"US";NA;NA;NA;NA;"Brocchinia acuminata L.B.Sm.";NA;NA;"NMNH Extant Biology";NA;NA;NA;NA;NA;NA;"22 February 2004";NA;NA;"53";"53";NA;"South America - Neotropics, Guyana, Cuyuni-Mazaruni";NA;NA;1;"Dicymbe dominant moist forest on white sand";"Plantae, Monocotyledonae, Bromeliales, Bromeliaceae";NA;NA;NA;NA;NA;NA;NA;NA;NA
"9";"1456406338";"Brocchinia acuminata L.B.Sm.";6.08847;-60.6659;"gass84";"821cc27a-e3bb-4bc5-ac34-89ada245069d";"bc092ff0-02e4-11dc-991f-b8a03c50a862";"b2ff19b5-d74f-40d2-82f1-ec5db01e8e31";"US";"DWC_ARCHIVE";"2020-02-26T20:45:55.989+0000";"2020-02-26T22:04:39.006+0000";137;"none";"PRESERVED_SPECIMEN";5287587;6;7707728;196;1369;3740;2693409;5287587;5287587;"Brocchinia acuminata L.B.Sm.";"Plantae";"Tracheophyta";"Poales";"Bromeliaceae";"Brocchinia";"Brocchinia acuminata";"Brocchinia";"acuminata";"SPECIES";"ACCEPTED";NA;526;NA;"SOUTH_AMERICA";"Cuyuni-Mazaruni";2004;2;22;"2004-02-22T00:00:00";"2020-02-26T22:04:39.006+0000";"http://creativecommons.org/publicdomain/zero/1.0/legalcode";"none";"none";"none";"WGS84";"Liliopsida";"GY";"Guyana";"2073";"http://n2t.net/ark:/65665/3dba73f13-3287-4603-a173-7cbacc65cb6d";"http://biocol.org/urn:lsid:biocol.org:col:34871";NA;"Pakaraima Mts., Mazaruni River, just above ABC Falls. Trail 2.03 miles SW of Base Camp 6 heading E to mining camp site. Trail turn-off leading to Chibama Landing. Moist forest";NA;"Botany";"1456406338";"http://n2t.net/ark:/65665/3dba73f13-3287-4603-a173-7cbacc65cb6d";"PhysicalObject";"3553821";"K. M. Redden, R. Williams, C. Perry & C. Paul";"US";NA;NA;NA;"Holst, Bruce K.";"Brocchinia acuminata L.B.Sm.";NA;NA;"NMNH Extant Biology";NA;NA;NA;NA;NA;NA;"22 February 2004";NA;NA;"53";"53";NA;"South America - Neotropics, Guyana, Cuyuni-Mazaruni";NA;NA;1;"Dicymbe dominant moist forest on white sand";"Plantae, Monocotyledonae, Bromeliales, Bromeliaceae";NA;NA;NA;NA;NA;NA;NA;NA;NA
"10";"1456393363";"Brocchinia acuminata L.B.Sm.";5.82889;-61.1953;"gass84";"821cc27a-e3bb-4bc5-ac34-89ada245069d";"bc092ff0-02e4-11dc-991f-b8a03c50a862";"b2ff19b5-d74f-40d2-82f1-ec5db01e8e31";"US";"DWC_ARCHIVE";"2020-02-26T20:45:55.989+0000";"2020-02-26T22:04:12.636+0000";137;"none";"PRESERVED_SPECIMEN";5287587;6;7707728;196;1369;3740;2693409;5287587;5287587;"Brocchinia acuminata L.B.Sm.";"Plantae";"Tracheophyta";"Poales";"Bromeliaceae";"Brocchinia";"Brocchinia acuminata";"Brocchinia";"acuminata";"SPECIES";"ACCEPTED";NA;1570;NA;"SOUTH_AMERICA";"Cuyuni-Mazaruni";1997;7;13;"1997-07-13T00:00:00";"2020-02-26T22:04:12.636+0000";"http://creativecommons.org/publicdomain/zero/1.0/legalcode";"none";"none";"none";"WGS84";"Liliopsida";"GY";"Guyana";"5650";"http://n2t.net/ark:/65665/3d59fcf6a-0048-4ce7-bb0c-4d75a5015137";"http://biocol.org/urn:lsid:biocol.org:col:34871";NA;"Paruima, 15 km W; eastern edge of Waukauyengtipu";NA;"Botany";"1456393363";"http://n2t.net/ark:/65665/3d59fcf6a-0048-4ce7-bb0c-4d75a5015137";"PhysicalObject";"3401630";"H. D. Clarke, K. David, C. Chin & C. Perry";"US";NA;NA;NA;"Holst, Bruce K.";"Brocchinia acuminata L.B.Sm.";NA;NA;"NMNH Extant Biology";NA;NA;NA;NA;NA;NA;"13 July 1997";NA;NA;"194";"194";NA;"South America - Neotropics, Guyana, Cuyuni-Mazaruni";NA;NA;1;"Cloud forest on sandstone and peat, with Schefflera, Clusia & Bonnetia";"Plantae, Monocotyledonae, Bromeliales, Bromeliaceae";NA;NA;NA;NA;NA;NA;NA;NA;NA
"11";"1936404790";"Brocchinia acuminata L.B.Sm.";3.3167;-65.6333;"gass84";"834c9918-f762-11e1-a439-00145eb45e9a";"0363cbd4-f666-455e-8e86-0bbddcf51950";"2a3f6a56-7591-4f05-8c4c-a1bb77aa4ea6";"ES";"DWC_ARCHIVE";"2020-02-07T01:14:49.366+0000";"2020-02-11T00:03:25.869+0000";139;"none";"PRESERVED_SPECIMEN";5287587;6;7707728;196;1369;3740;2693409;5287587;5287587;"Brocchinia acuminata L.B.Sm.";"Plantae";"Tracheophyta";"Poales";"Bromeliaceae";"Brocchinia";"Brocchinia acuminata";"Brocchinia";"acuminata";"SPECIES";"ACCEPTED";NA;NA;NA;NA;NA;1991;11;21;"1991-11-21T00:00:00";"2020-02-11T00:03:25.869+0000";"http://creativecommons.org/licenses/by-nc/4.0/legalcode";"none";"none";"none";"WGS84";"Liliopsida";"VE";"Venezuela, Bolivarian Republic of";NA;"49c38e4b-20fe-11e3-9e2e-000c29035824";NA;NA;"T.F. Amazonas, Depto. Atabapo, Cerro Duida. Campamento 3";NA;"MA";"1936404790";"49c38e4b-20fe-11e3-9e2e-000c29035824";NA;"MA-01-00503838";"J. Fuertes & J.M. Cardiel";"MA";NA;NA;NA;NA;"Brocchinia acuminata L.B.Sm.";NA;NA;NA;"MA-503838-1";NA;NA;NA;NA;NA;"21111991";NA;NA;NA;NA;NA;NA;NA;NA;NA;"Habitat: En turberas con Teáceas, Bromeliáceas, Rapateáceas y Heliamphora";NA;"14829";"b9570325-20fe-11e3-9e2e-000c29035824";NA;NA;NA;NA;NA;NA;NA
"12";"1936419105";"Brocchinia acuminata L.B.Sm.";3.3167;-65.6333;"gass84";"834c9918-f762-11e1-a439-00145eb45e9a";"0363cbd4-f666-455e-8e86-0bbddcf51950";"2a3f6a56-7591-4f05-8c4c-a1bb77aa4ea6";"ES";"DWC_ARCHIVE";"2020-02-07T01:14:49.366+0000";"2020-02-11T00:03:25.875+0000";139;"none";"PRESERVED_SPECIMEN";5287587;6;7707728;196;1369;3740;2693409;5287587;5287587;"Brocchinia acuminata L.B.Sm.";"Plantae";"Tracheophyta";"Poales";"Bromeliaceae";"Brocchinia";"Brocchinia acuminata";"Brocchinia";"acuminata";"SPECIES";"ACCEPTED";NA;NA;NA;NA;NA;1991;11;21;"1991-11-21T00:00:00";"2020-02-11T00:03:25.875+0000";"http://creativecommons.org/licenses/by-nc/4.0/legalcode";"none";"none";"none";"WGS84";"Liliopsida";"VE";"Venezuela, Bolivarian Republic of";NA;"4b6783d7-20fe-11e3-9e2e-000c29035824";NA;NA;"T.F. Amazonas, Depto. Atabapo, Cerro Duida. Campamento 3";NA;"MA";"1936419105";"4b6783d7-20fe-11e3-9e2e-000c29035824";NA;"MA-01-00524235";"J. Fuertes & J.M. Cardiel";"MA";NA;NA;NA;NA;"Brocchinia acuminata L.B.Sm.";NA;NA;NA;"MA-524235-1";NA;NA;NA;NA;NA;"21111991";NA;NA;NA;NA;NA;NA;NA;NA;NA;"Habitat: En turberas con Teáceas, Bromeliáceas, Rapateáceas y Heliamphora";NA;"14829";"bab1eda5-20fe-11e3-9e2e-000c29035824";NA;NA;NA;NA;NA;NA;NA
"13";"1261317135";"Brocchinia acuminata L.B.Sm.";3.716667;-65.5;"cdround,gass84";"7bd65a7a-f762-11e1-a439-00145eb45e9a";"90fd6680-349f-11d8-aa2d-b8a03c50a862";"c4e134d3-c68f-406d-a116-6a37895602e0";"US";"DWC_ARCHIVE";"2020-02-21T14:54:19.467+0000";"2020-02-21T15:24:04.976+0000";108;"none";"PRESERVED_SPECIMEN";5287587;6;7707728;196;1369;3740;2693409;5287587;5287587;"Brocchinia acuminata L.B.Sm.";"Plantae";"Tracheophyta";"Poales";"Bromeliaceae";"Brocchinia";"Brocchinia acuminata";"Brocchinia";"acuminata";"SPECIES";"ACCEPTED";NA;1200;NA;"SOUTH_AMERICA";"Amazonas";1988;10;19;"1988-10-19T00:00:00";"2020-02-21T15:24:04.976+0000";"http://creativecommons.org/licenses/by/4.0/legalcode";"none";"none";"none";"WGS84";"Liliopsida";"VE";"Venezuela, Bolivarian Republic of";"Liesner 25071";"urn:catalog:MO:Tropicos:602669";NA;"Atabapo";"Cerro Marahuaca. Slopes. \"Sima\" area.";NA;"MO";"1261317135";"urn:catalog:MO:Tropicos:602669";"PhysicalObject";"602669";"Ronald L. Liesner";"MO";NA;NA;"http://biocol.org/urn:lsid:biocol.org:col:15859";"B.K. Holst, 1994, \"cf\"";"Brocchinia acuminata L.B.Sm.";"Missouri Botanical Garden";NA;"Tropicos";NA;NA;NA;NA;NA;NA;NA;"ICNafp";NA;NA;NA;NA;NA;NA;NA;5;NA;NA;"4301327";NA;"2015-11-10T09:39:00.000+0000";"No opinion";"88-53";"MOBOT";"http://www.tropicos.org/Specimen/602669";NA;NA
"14";"1261321876";"Brocchinia acuminata L.B.Sm.";1.43333;-65.78333;"gass84";"7bd65a7a-f762-11e1-a439-00145eb45e9a";"90fd6680-349f-11d8-aa2d-b8a03c50a862";"c4e134d3-c68f-406d-a116-6a37895602e0";"US";"DWC_ARCHIVE";"2020-02-21T14:54:19.467+0000";"2020-02-21T15:24:01.513+0000";108;"none";"PRESERVED_SPECIMEN";5287587;6;7707728;196;1369;3740;2693409;5287587;5287587;"Brocchinia acuminata L.B.Sm.";"Plantae";"Tracheophyta";"Poales";"Bromeliaceae";"Brocchinia";"Brocchinia acuminata";"Brocchinia";"acuminata";"SPECIES";"ACCEPTED";"1997-01-01T00:00:00";1550;NA;"SOUTH_AMERICA";"Amazonas";1987;10;17;"1987-10-17T00:00:00";"2020-02-21T15:24:01.513+0000";"http://creativecommons.org/licenses/by/4.0/legalcode";"none";"none";"none";"WGS84";"Liliopsida";"VE";"Venezuela, Bolivarian Republic of";"Liesner 22027";"urn:catalog:MO:Tropicos:607015";NA;NA;"Dpto: Rio Negro: Cerro Aracamuni, Summit, Popa camp, Savana with small to large patches of forest and stream";NA;"MO";"1261321876";"urn:catalog:MO:Tropicos:607015";"PhysicalObject";"607015";"Ronald L. Liesner|Franciso  Delascio C.";"MO";NA;NA;"http://biocol.org/urn:lsid:biocol.org:col:15859";"FVG (B.K.Holst)";"Brocchinia acuminata L.B.Sm.";"Missouri Botanical Garden";NA;"Tropicos";NA;NA;NA;NA;NA;NA;NA;"ICNafp";NA;NA;NA;NA;NA;NA;NA;NA;NA;NA;"4301327";NA;"2008-05-27T22:02:00.000+0000";"No opinion";NA;"MOBOT";"http://www.tropicos.org/Specimen/607015";NA;NA
"15";"1261316514";"Brocchinia acuminata L.B.Sm.";5.91666;-62.21666;"gass84";"7bd65a7a-f762-11e1-a439-00145eb45e9a";"90fd6680-349f-11d8-aa2d-b8a03c50a862";"c4e134d3-c68f-406d-a116-6a37895602e0";"US";"DWC_ARCHIVE";"2020-02-21T14:54:19.467+0000";"2020-02-21T15:24:18.543+0000";108;"none";"PRESERVED_SPECIMEN";5287587;6;7707728;196;1369;3740;2693409;5287587;5287587;"Brocchinia acuminata L.B.Sm.";"Plantae";"Tracheophyta";"Poales";"Bromeliaceae";"Brocchinia";"Brocchinia acuminata";"Brocchinia";"acuminata";"SPECIES";"ACCEPTED";"1997-01-01T00:00:00";825;275;"SOUTH_AMERICA";"Bolívar";1986;5;12;"1986-05-12T00:00:00";"2020-02-21T15:24:18.543+0000";"http://creativecommons.org/licenses/by/4.0/legalcode";"none";"none";"none";"WGS84";"Liliopsida";"VE";"Venezuela, Bolivarian Republic of";"Liesner 20855";"urn:catalog:MO:Tropicos:602099";NA;NA;"Piar, summit of Amaruay-tepui. SE quarter of tepui. Dwarf open forest 4 m tall at side to 30 m tall closed forest to 3 m tall open dwarf forest in center of tepui.";NA;"MO";"1261316514";"urn:catalog:MO:Tropicos:602099";"PhysicalObject";"602099";"Ronald L. Liesner|Bruce K. Holst";"MO";NA;NA;"http://biocol.org/urn:lsid:biocol.org:col:15859";"FVG (B.K.Holst)";"Brocchinia acuminata L.B.Sm.";"Missouri Botanical Garden";NA;"Tropicos";NA;NA;NA;NA;NA;NA;NA;"ICNafp";NA;NA;NA;NA;NA;NA;NA;1;NA;NA;"4301327";NA;"2008-05-27T22:02:00.000+0000";"No opinion";"86-26";"MOBOT";"http://www.tropicos.org/Specimen/602099";NA;NA
"16";"1261320045";"Brocchinia acuminata L.B.Sm.";5.86666;-62.01666;"gass84";"7bd65a7a-f762-11e1-a439-00145eb45e9a";"90fd6680-349f-11d8-aa2d-b8a03c50a862";"c4e134d3-c68f-406d-a116-6a37895602e0";"US";"DWC_ARCHIVE";"2020-02-21T14:54:19.467+0000";"2020-02-21T15:24:21.732+0000";108;"none";"PRESERVED_SPECIMEN";5287587;6;7707728;196;1369;3740;2693409;5287587;5287587;"Brocchinia acuminata L.B.Sm.";"Plantae";"Tracheophyta";"Poales";"Bromeliaceae";"Brocchinia";"Brocchinia acuminata";"Brocchinia";"acuminata";"SPECIES";"ACCEPTED";"1986-01-01T00:00:00";1800;NA;"SOUTH_AMERICA";"Bolívar";1986;5;24;"1986-05-24T00:00:00";"2020-02-21T15:24:21.732+0000";"http://creativecommons.org/licenses/by/4.0/legalcode";"none";"none";"none";"WGS84";"Liliopsida";"VE";"Venezuela, Bolivarian Republic of";"Holst 2888";"urn:catalog:MO:Tropicos:605320";NA;NA;"PIAR: W slope shoulder. Eastern most tepui of Aparamán-tepui range. 1800 m. 5º52'N, 62º01'W. Dense wet recumbent Bonnetia roraimae forest.";NA;"MO";"1261320045";"urn:catalog:MO:Tropicos:605320";"PhysicalObject";"605320";"Bruce K. Holst|et al.";"MO";NA;NA;"http://biocol.org/urn:lsid:biocol.org:col:15859";"Julian A. Steyermark";"Brocchinia acuminata L.B.Sm.";"Missouri Botanical Garden";NA;"Tropicos";NA;NA;NA;NA;NA;NA;NA;"ICNafp";NA;NA;NA;NA;NA;NA;NA;2;NA;NA;"4301327";NA;"2008-05-27T22:02:00.000+0000";"No opinion";"86-44";"MOBOT";"http://www.tropicos.org/Specimen/605320";NA;NA
"17";"1261321855";"Brocchinia acuminata L.B.Sm.";5.91666;-62.21666;"gass84";"7bd65a7a-f762-11e1-a439-00145eb45e9a";"90fd6680-349f-11d8-aa2d-b8a03c50a862";"c4e134d3-c68f-406d-a116-6a37895602e0";"US";"DWC_ARCHIVE";"2020-02-21T14:54:19.467+0000";"2020-02-21T15:23:59.156+0000";108;"none";"PRESERVED_SPECIMEN";5287587;6;7707728;196;1369;3740;2693409;5287587;5287587;"Brocchinia acuminata L.B.Sm.";"Plantae";"Tracheophyta";"Poales";"Bromeliaceae";"Brocchinia";"Brocchinia acuminata";"Brocchinia";"acuminata";"SPECIES";"ACCEPTED";"1997-01-01T00:00:00";1050;NA;"SOUTH_AMERICA";"Bolívar";1986;5;10;"1986-05-10T00:00:00";"2020-02-21T15:23:59.156+0000";"http://creativecommons.org/licenses/by/4.0/legalcode";"none";"none";"none";"WGS84";"Liliopsida";"VE";"Venezuela, Bolivarian Republic of";"Liesner 20770";"urn:catalog:MO:Tropicos:606989";NA;NA;"Dist. Piar, summit of Amarauy-tepui. SSE corner to .5 km W along S side. Dwarf forest 4 to 6 m tall, open spaces between trees.";NA;"MO";"1261321855";"urn:catalog:MO:Tropicos:606989";"PhysicalObject";"606989";"Ronald L. Liesner|Bruce K. Holst";"MO";NA;NA;"http://biocol.org/urn:lsid:biocol.org:col:15859";"FVG (B.K.Holst)";"Brocchinia acuminata L.B.Sm.";"Missouri Botanical Garden";NA;"Tropicos";NA;NA;NA;NA;NA;NA;NA;"ICNafp";NA;NA;NA;NA;NA;NA;NA;NA;NA;NA;"4301327";NA;"2008-05-27T22:02:00.000+0000";"No opinion";NA;"MOBOT";"http://www.tropicos.org/Specimen/606989";NA;NA
"18";"1261321873";"Brocchinia acuminata L.B.Sm.";5.91666;-62.21666;"gass84";"7bd65a7a-f762-11e1-a439-00145eb45e9a";"90fd6680-349f-11d8-aa2d-b8a03c50a862";"c4e134d3-c68f-406d-a116-6a37895602e0";"US";"DWC_ARCHIVE";"2020-02-21T14:54:19.467+0000";"2020-02-21T15:24:00.372+0000";108;"none";"PRESERVED_SPECIMEN";5287587;6;7707728;196;1369;3740;2693409;5287587;5287587;"Brocchinia acuminata L.B.Sm.";"Plantae";"Tracheophyta";"Poales";"Bromeliaceae";"Brocchinia";"Brocchinia acuminata";"Brocchinia";"acuminata";"SPECIES";"ACCEPTED";"1997-01-01T00:00:00";1050;NA;"SOUTH_AMERICA";"Bolívar";1986;5;12;"1986-05-12T00:00:00";"2020-02-21T15:24:00.372+0000";"http://creativecommons.org/licenses/by/4.0/legalcode";"none";"none";"none";"WGS84";"Liliopsida";"VE";"Venezuela, Bolivarian Republic of";"Liesner 20869";"urn:catalog:MO:Tropicos:606999";NA;NA;"Dist: Piar,summit of Amaruay-tepui. SE quarter of tepui. Dwarf open forest 4m tall at side to 30 m tall closed forest to 3 m tall open dwarf forest in the center of tepui";NA;"MO";"1261321873";"urn:catalog:MO:Tropicos:606999";"PhysicalObject";"606999";"Ronald L. Liesner|Bruce K. Holst";"MO";NA;NA;"http://biocol.org/urn:lsid:biocol.org:col:15859";"FVG (B.K.Holst)";"Brocchinia acuminata L.B.Sm.";"Missouri Botanical Garden";NA;"Tropicos";NA;NA;NA;NA;NA;NA;NA;"ICNafp";NA;NA;NA;NA;NA;NA;NA;NA;NA;NA;"4301327";NA;"2008-05-27T22:02:00.000+0000";"No opinion";NA;"MOBOT";"http://www.tropicos.org/Specimen/606999";NA;NA
"19";"2515472148";"Brocchinia acuminata L.B.Sm.";5.916667;-62.216667;"";"15f819bd-6612-4447-854b-14d12ee1022d";"396d5f30-dea9-11db-8ab4-b8a03c50a862";"65eb93af-41b8-4917-a5fc-cfe2a45aa4bf";"NL";"DWC_ARCHIVE";"2020-02-20T13:45:44.781+0000";"2020-02-20T14:31:18.443+0000";134;"none";"PRESERVED_SPECIMEN";5287587;6;7707728;196;1369;3740;2693409;5287587;5287587;"Brocchinia acuminata L.B.Sm.";"Plantae";"Tracheophyta";"Poales";"Bromeliaceae";"Brocchinia";"Brocchinia acuminata";"Brocchinia";"acuminata";"SPECIES";"ACCEPTED";NA;NA;NA;"SOUTH_AMERICA";NA;1986;5;10;"1986-05-10T00:00:00";"2020-02-20T14:31:18.443+0000";"http://creativecommons.org/publicdomain/zero/1.0/legalcode";"none";"none";"none";"WGS84";"Liliopsida";"VE";"Venezuela, Bolivarian Republic of";NA;"U.1178442@BRAHMS";"Naturalis Biodiversity Center";NA;"Bolivar. Dist. Piar, summit of Amaruay-tepui. SSE corner to.5 km W along S side.";NA;"Botany";"2515472148";"https://data.biodiversitydata.nl/naturalis/specimen/U.1178442";NA;"U.1178442";"Liesner RL; Holst BK";NA;NA;NA;NA;NA;"Brocchinia acuminata L.B.Sm.";"Naturalis Biodiversity Center";NA;NA;NA;NA;NA;NA;NA;NA;NA;"ICN";NA;NA;NA;NA;NA;NA;NA;NA;NA;"Plantae|Magnoliopsidae|Poales|Bromeliaceae";NA;NA;NA;NA;NA;NA;NA;NA;NA
"20";"2517408162";"Brocchinia acuminata L.B.Sm.";5.916667;-62.216667;"";"15f819bd-6612-4447-854b-14d12ee1022d";"396d5f30-dea9-11db-8ab4-b8a03c50a862";"65eb93af-41b8-4917-a5fc-cfe2a45aa4bf";"NL";"DWC_ARCHIVE";"2020-02-20T13:45:44.781+0000";"2020-02-20T14:31:13.595+0000";134;"none";"PRESERVED_SPECIMEN";5287587;6;7707728;196;1369;3740;2693409;5287587;5287587;"Brocchinia acuminata L.B.Sm.";"Plantae";"Tracheophyta";"Poales";"Bromeliaceae";"Brocchinia";"Brocchinia acuminata";"Brocchinia";"acuminata";"SPECIES";"ACCEPTED";NA;NA;NA;"SOUTH_AMERICA";NA;1986;5;10;"1986-05-10T00:00:00";"2020-02-20T14:31:13.595+0000";"http://creativecommons.org/publicdomain/zero/1.0/legalcode";"none";"none";"none";"WGS84";"Liliopsida";"VE";"Venezuela, Bolivarian Republic of";NA;"U.1178443@BRAHMS";"Naturalis Biodiversity Center";NA;"Bolivar. Dist. Piar, summit of Amaruay-tepui. SSE corner to.5 km W along S side.";NA;"Botany";"2517408162";"https://data.biodiversitydata.nl/naturalis/specimen/U.1178443";NA;"U.1178443";"Liesner RL; Holst BK";NA;NA;NA;NA;NA;"Brocchinia acuminata L.B.Sm.";"Naturalis Biodiversity Center";NA;NA;NA;NA;NA;NA;NA;NA;NA;"ICN";NA;NA;NA;NA;NA;NA;NA;NA;NA;"Plantae|Magnoliopsidae|Poales|Bromeliaceae";NA;NA;NA;NA;NA;NA;NA;NA;NA
"21";"1261321870";"Brocchinia acuminata L.B.Sm.";0.8625;-65.98055;"gass84";"7bd65a7a-f762-11e1-a439-00145eb45e9a";"90fd6680-349f-11d8-aa2d-b8a03c50a862";"c4e134d3-c68f-406d-a116-6a37895602e0";"US";"DWC_ARCHIVE";"2020-02-21T14:54:19.467+0000";"2020-02-21T15:24:36.478+0000";108;"none";"PRESERVED_SPECIMEN";5287587;6;7707728;196;1369;3740;2693409;5287587;5287587;"Brocchinia acuminata L.B.Sm.";"Plantae";"Tracheophyta";"Poales";"Bromeliaceae";"Brocchinia";"Brocchinia acuminata";"Brocchinia";"acuminata";"SPECIES";"ACCEPTED";NA;1500;NA;"SOUTH_AMERICA";"Amazonas";1985;2;5;"1985-02-05T00:00:00";"2020-02-21T15:24:36.478+0000";"http://creativecommons.org/licenses/by/4.0/legalcode";"none";"none";"none";"WGS84";"Liliopsida";"VE";"Venezuela, Bolivarian Republic of";"Nee 31098";"urn:catalog:MO:Tropicos:607007";NA;NA;"Cerro de la Neblina,camp XI 6.2 km NNE of Pico Phelps(=Neblina). Gentle slopes with some large conglomerate rock outcrops, many terrestrial bromeliads";NA;"MO";"1261321870";"urn:catalog:MO:Tropicos:607007";"PhysicalObject";"607007";"Michael H. Nee";"MO";NA;NA;"http://biocol.org/urn:lsid:biocol.org:col:15859";NA;"Brocchinia acuminata L.B.Sm.";"Missouri Botanical Garden";NA;"Tropicos";NA;NA;NA;NA;NA;NA;NA;"ICNafp";NA;NA;NA;NA;NA;NA;NA;NA;NA;NA;"4301327";NA;"2008-05-27T22:02:00.000+0000";"No opinion";NA;"MOBOT";"http://www.tropicos.org/Specimen/607007";NA;NA
"22";"1456386283";"Brocchinia acuminata L.B.Sm.";0.86;-65.98;"gass84";"821cc27a-e3bb-4bc5-ac34-89ada245069d";"bc092ff0-02e4-11dc-991f-b8a03c50a862";"b2ff19b5-d74f-40d2-82f1-ec5db01e8e31";"US";"DWC_ARCHIVE";"2020-02-26T20:45:55.989+0000";"2020-02-26T22:04:34.390+0000";137;"none";"PRESERVED_SPECIMEN";5287587;6;7707728;196;1369;3740;2693409;5287587;5287587;"Brocchinia acuminata L.B.Sm.";"Plantae";"Tracheophyta";"Poales";"Bromeliaceae";"Brocchinia";"Brocchinia acuminata";"Brocchinia";"acuminata";"SPECIES";"ACCEPTED";NA;1500;NA;"SOUTH_AMERICA";"Amazonas";1985;2;25;"1985-02-25T00:00:00";"2020-02-26T22:04:34.390+0000";"http://creativecommons.org/publicdomain/zero/1.0/legalcode";"none";"none";"none";"WGS84";"Liliopsida";"VE";"Venezuela, Bolivarian Republic of";"31098";"http://n2t.net/ark:/65665/3d25c255d-2200-4d91-8d6e-1535ae1d6317";"http://biocol.org/urn:lsid:biocol.org:col:34871";"Río Negro";"Cerro de la Neblina, Camp XI, 6.2 km NNE of Pico Phelps (=Neblina)";NA;"Botany";"1456386283";"http://n2t.net/ark:/65665/3d25c255d-2200-4d91-8d6e-1535ae1d6317";"PhysicalObject";"3080672";"M. Nee";"US";NA;NA;NA;"Smith, L. B., (US), NMNH";"Brocchinia acuminata L.B.Sm.";NA;NA;"NMNH Extant Biology";NA;NA;NA;NA;NA;NA;"25-Feb-85";NA;NA;"56";"56";NA;"South America - Neotropics, Venezuela, Amazonas, Río Negro";NA;NA;1;"Gentle slopes, some large conglomerate rock outcrops, many terrestrial bromeliads (Brocchinia), Heliamphora, small trees (Ilex, Tyleria, Ternstroemia)";"Plantae, Monocotyledonae, Bromeliales, Bromeliaceae";NA;NA;NA;NA;NA;NA;NA;NA;NA
"23";"2516932498";"Brocchinia acuminata L.B.Sm.";0.8625;-65.980556;"";"15f819bd-6612-4447-854b-14d12ee1022d";"396d5f30-dea9-11db-8ab4-b8a03c50a862";"65eb93af-41b8-4917-a5fc-cfe2a45aa4bf";"NL";"DWC_ARCHIVE";"2020-02-20T13:45:44.781+0000";"2020-02-20T14:31:14.915+0000";134;"none";"PRESERVED_SPECIMEN";5287587;6;7707728;196;1369;3740;2693409;5287587;5287587;"Brocchinia acuminata L.B.Sm.";"Plantae";"Tracheophyta";"Poales";"Bromeliaceae";"Brocchinia";"Brocchinia acuminata";"Brocchinia";"acuminata";"SPECIES";"ACCEPTED";NA;NA;NA;"SOUTH_AMERICA";NA;1985;2;25;"1985-02-25T00:00:00";"2020-02-20T14:31:14.915+0000";"http://creativecommons.org/publicdomain/zero/1.0/legalcode";"none";"none";"none";"WGS84";"Liliopsida";"VE";"Venezuela, Bolivarian Republic of";NA;"U.1178440@BRAHMS";"Naturalis Biodiversity Center";NA;"Amazonas, Dpto. Rio Negro. Cerro de la Neblina Expedition, Cerro de la Neblina, Camp XI, 6.2 km NNE of Pico Phelps (=Neblina).";NA;"Botany";"2516932498";"https://data.biodiversitydata.nl/naturalis/specimen/U.1178440";NA;"U.1178440";"Nee MH";NA;NA;NA;NA;NA;"Brocchinia acuminata L.B.Sm.";"Naturalis Biodiversity Center";NA;NA;NA;NA;NA;NA;NA;NA;NA;"ICN";NA;NA;NA;NA;NA;NA;NA;NA;NA;"Plantae|Magnoliopsidae|Poales|Bromeliaceae";NA;NA;NA;NA;NA;NA;NA;NA;NA
"24";"1261322637";"Brocchinia acuminata L.B.Sm.";4.5;-61.58333;"gass84";"7bd65a7a-f762-11e1-a439-00145eb45e9a";"90fd6680-349f-11d8-aa2d-b8a03c50a862";"c4e134d3-c68f-406d-a116-6a37895602e0";"US";"DWC_ARCHIVE";"2020-02-21T14:54:19.467+0000";"2020-02-21T15:24:18.407+0000";108;"none";"PRESERVED_SPECIMEN";5287587;6;7707728;196;1369;3740;2693409;5287587;5287587;"Brocchinia acuminata L.B.Sm.";"Plantae";"Tracheophyta";"Poales";"Bromeliaceae";"Brocchinia";"Brocchinia acuminata";"Brocchinia";"acuminata";"SPECIES";"ACCEPTED";"1997-01-01T00:00:00";900;NA;"SOUTH_AMERICA";"Bolívar";1985;11;2;"1985-11-02T00:00:00";"2020-02-21T15:24:18.407+0000";"http://creativecommons.org/licenses/by/4.0/legalcode";"none";"none";"none";"WGS84";"Liliopsida";"VE";"Venezuela, Bolivarian Republic of";"Liesner 19372";"urn:catalog:MO:Tropicos:607684";NA;NA;"E of town in swamp";NA;"MO";"1261322637";"urn:catalog:MO:Tropicos:607684";"PhysicalObject";"607684";"Ronald L. Liesner";"MO";NA;NA;"http://biocol.org/urn:lsid:biocol.org:col:15859";"FVG (B.K.Holst)";"Brocchinia acuminata L.B.Sm.";"Missouri Botanical Garden";NA;"Tropicos";NA;NA;NA;NA;NA;NA;NA;"ICNafp";NA;NA;NA;NA;NA;NA;NA;NA;NA;NA;"4301327";NA;"2008-05-27T22:02:00.000+0000";"No opinion";NA;"MOBOT";"http://www.tropicos.org/Specimen/607684";NA;NA
"25";"1456342260";"Brocchinia acuminata L.B.Sm.";4.5;-61.58;"gass84";"821cc27a-e3bb-4bc5-ac34-89ada245069d";"bc092ff0-02e4-11dc-991f-b8a03c50a862";"b2ff19b5-d74f-40d2-82f1-ec5db01e8e31";"US";"DWC_ARCHIVE";"2020-02-26T20:45:55.989+0000";"2020-02-26T22:04:09.951+0000";137;"none";"PRESERVED_SPECIMEN";5287587;6;7707728;196;1369;3740;2693409;5287587;5287587;"Brocchinia acuminata L.B.Sm.";"Plantae";"Tracheophyta";"Poales";"Bromeliaceae";"Brocchinia";"Brocchinia acuminata";"Brocchinia";"acuminata";"SPECIES";"ACCEPTED";NA;900;NA;"SOUTH_AMERICA";"Bolívar";1985;11;2;"1985-11-02T00:00:00";"2020-02-26T22:04:09.951+0000";"http://creativecommons.org/publicdomain/zero/1.0/legalcode";"none";"none";"none";"WGS84";"Liliopsida";"VE";"Venezuela, Bolivarian Republic of";"19372";"http://n2t.net/ark:/65665/3bde01a1c-97b2-4e27-ba38-e0d8268d7faa";"http://biocol.org/urn:lsid:biocol.org:col:34871";NA;"El Pauji, E of town";NA;"Botany";"1456342260";"http://n2t.net/ark:/65665/3bde01a1c-97b2-4e27-ba38-e0d8268d7faa";"PhysicalObject";"3086715";"R. L. Liesner";"US";NA;NA;NA;"Holst, Bruce K.";"Brocchinia acuminata L.B.Sm.";NA;NA;"NMNH Extant Biology";NA;NA;NA;NA;NA;NA;"2-Nov-85";NA;NA;"306";"306";NA;"South America - Neotropics, Venezuela, Bolívar";NA;NA;1;"Brocchinia swamp and wet savanna";"Plantae, Monocotyledonae, Bromeliales, Bromeliaceae";NA;NA;NA;NA;NA;NA;NA;NA;NA
"26";"1456418015";"Brocchinia acuminata L.B.Sm.";5.18;-62;"gass84";"821cc27a-e3bb-4bc5-ac34-89ada245069d";"bc092ff0-02e4-11dc-991f-b8a03c50a862";"b2ff19b5-d74f-40d2-82f1-ec5db01e8e31";"US";"DWC_ARCHIVE";"2020-02-26T20:45:55.989+0000";"2020-02-26T22:04:39.828+0000";137;"none";"PRESERVED_SPECIMEN";5287587;6;7707728;196;1369;3740;2693409;5287587;5287587;"Brocchinia acuminata L.B.Sm.";"Plantae";"Tracheophyta";"Poales";"Bromeliaceae";"Brocchinia";"Brocchinia acuminata";"Brocchinia";"acuminata";"SPECIES";"ACCEPTED";NA;1920;NA;"SOUTH_AMERICA";"Bolívar";1984;2;14;"1984-02-14T00:00:00";"2020-02-26T22:04:39.828+0000";"http://creativecommons.org/publicdomain/zero/1.0/legalcode";"none";"none";"none";"WGS84";"Liliopsida";"VE";"Venezuela, Bolivarian Republic of";"129897";"http://n2t.net/ark:/65665/3e1047e2a-8981-462a-89e0-4e929b5e26dc";"http://biocol.org/urn:lsid:biocol.org:col:34871";"Piar";"Macizo del Chimantá, sector SSE. Altiplanicie sur-oriental del Acopán-tepuí, cabeceras del río Arauác";NA;"Botany";"1456418015";"http://n2t.net/ark:/65665/3e1047e2a-8981-462a-89e0-4e929b5e26dc";"PhysicalObject";"3143496";"J. A. Steyermark, J. L. Luteyn & O. Huber";"US";NA;NA;NA;"Steyermark, J. A., (VEN)";"Brocchinia acuminata L.B.Sm.";NA;NA;"NMNH Extant Biology";NA;NA;NA;NA;NA;NA;"14-Feb-84 to 16-Feb-84";NA;NA;"47";"45";NA;"South America - Neotropics, Venezuela, Bolívar, Piar";NA;NA;1;"Wet savanna; praderas húmedas y arbustales enanos sobre tuberas, bosquecillos ribereños y vegetación sobre rocas abiertas";"Plantae, Monocotyledonae, Bromeliales, Bromeliaceae";NA;NA;NA;NA;NA;NA;NA;NA;NA
"27";"1456099296";"Brocchinia acuminata L.B.Sm.";4.55;-61.5;"gass84";"821cc27a-e3bb-4bc5-ac34-89ada245069d";"bc092ff0-02e4-11dc-991f-b8a03c50a862";"b2ff19b5-d74f-40d2-82f1-ec5db01e8e31";"US";"DWC_ARCHIVE";"2020-02-26T20:45:55.989+0000";"2020-02-26T22:04:26.477+0000";137;"none";"PRESERVED_SPECIMEN";5287587;6;7707728;196;1369;3740;2693409;5287587;5287587;"Brocchinia acuminata L.B.Sm.";"Plantae";"Tracheophyta";"Poales";"Bromeliaceae";"Brocchinia";"Brocchinia acuminata";"Brocchinia";"acuminata";"SPECIES";"ACCEPTED";NA;1000;NA;"SOUTH_AMERICA";"Bolívar";1983;11;4;"1983-11-04T00:00:00";"2020-02-26T22:04:26.477+0000";"http://creativecommons.org/publicdomain/zero/1.0/legalcode";"none";"none";"none";"WGS84";"Liliopsida";"VE";"Venezuela, Bolivarian Republic of";"1166";"http://n2t.net/ark:/65665/34c2f038c-7ec2-4cda-b102-ace24b104dc2";"http://biocol.org/urn:lsid:biocol.org:col:34871";NA;"Gran Sabana, along Paurai tepuí, on the way to Icabaru from Santa Elena";NA;"Botany";"1456099296";"http://n2t.net/ark:/65665/34c2f038c-7ec2-4cda-b102-ace24b104dc2";"PhysicalObject";"3021709";"G. S. Varadarajan & -. Oliva";"US";NA;NA;NA;NA;"Brocchinia acuminata L.B.Sm.";NA;NA;"NMNH Extant Biology";NA;NA;NA;NA;NA;NA;"4-Nov-83 to 14-Nov-83";NA;NA;"318";"308";NA;"South America - Neotropics, Venezuela, Bolívar";NA;NA;1;"Savanna";"Plantae, Monocotyledonae, Bromeliales, Bromeliaceae";NA;NA;NA;NA;NA;NA;NA;NA;NA
"28";"1456160136";"Brocchinia acuminata L.B.Sm.";5.83;-61.5;"gass84";"821cc27a-e3bb-4bc5-ac34-89ada245069d";"bc092ff0-02e4-11dc-991f-b8a03c50a862";"b2ff19b5-d74f-40d2-82f1-ec5db01e8e31";"US";"DWC_ARCHIVE";"2020-02-26T20:45:55.989+0000";"2020-02-26T22:04:29.915+0000";137;"none";"PRESERVED_SPECIMEN";5287587;6;7707728;196;1369;3740;2693409;5287587;5287587;"Brocchinia acuminata L.B.Sm.";"Plantae";"Tracheophyta";"Poales";"Bromeliaceae";"Brocchinia";"Brocchinia acuminata";"Brocchinia";"acuminata";"SPECIES";"ACCEPTED";NA;1225;25;"SOUTH_AMERICA";"Bolívar";1983;11;4;"1983-11-04T00:00:00";"2020-02-26T22:04:29.915+0000";"http://creativecommons.org/publicdomain/zero/1.0/legalcode";"none";"none";"none";"WGS84";"Liliopsida";"VE";"Venezuela, Bolivarian Republic of";"1159";"http://n2t.net/ark:/65665/368c91371-f902-486e-bacd-9f41e6e30d66";"http://biocol.org/urn:lsid:biocol.org:col:34871";NA;"Gran Sabana, about 150km S of El Dorado towards Luepa, near La Escalera";NA;"Botany";"1456160136";"http://n2t.net/ark:/65665/368c91371-f902-486e-bacd-9f41e6e30d66";"PhysicalObject";"3017427";"G. S. Varadarajan & -. Oliva";"US";NA;NA;NA;NA;"Brocchinia acuminata L.B.Sm.";NA;NA;"NMNH Extant Biology";NA;NA;NA;NA;NA;NA;"4-Nov-83 to 14-Nov-83";NA;NA;"318";"308";NA;"South America - Neotropics, Venezuela, Bolívar";NA;NA;1;"Sandstone slopes";"Plantae, Monocotyledonae, Bromeliales, Bromeliaceae";NA;NA;NA;NA;NA;NA;NA;NA;NA
"29";"1456167686";"Brocchinia acuminata L.B.Sm.";3.83;-65.33;"gass84";"821cc27a-e3bb-4bc5-ac34-89ada245069d";"bc092ff0-02e4-11dc-991f-b8a03c50a862";"b2ff19b5-d74f-40d2-82f1-ec5db01e8e31";"US";"DWC_ARCHIVE";"2020-02-26T20:45:55.989+0000";"2020-02-26T22:04:28.654+0000";137;"none";"PRESERVED_SPECIMEN";5287587;6;7707728;196;1369;3740;2693409;5287587;5287587;"Brocchinia acuminata L.B.Sm.";"Plantae";"Tracheophyta";"Poales";"Bromeliaceae";"Brocchinia";"Brocchinia acuminata";"Brocchinia";"acuminata";"SPECIES";"ACCEPTED";NA;1800;NA;"SOUTH_AMERICA";"Amazonas";1982;2;10;"1982-02-10T00:00:00";"2020-02-26T22:04:28.654+0000";"http://creativecommons.org/publicdomain/zero/1.0/legalcode";"none";"none";"none";"WGS84";"Liliopsida";"VE";"Venezuela, Bolivarian Republic of";"126444";"http://n2t.net/ark:/65665/36c43ec42-47f2-4744-8333-9891ed1fd726";"http://biocol.org/urn:lsid:biocol.org:col:34871";"Atabapo";"Cerro Huachamacari";NA;"Botany";"1456167686";"http://n2t.net/ark:/65665/36c43ec42-47f2-4744-8333-9891ed1fd726";"PhysicalObject";"2953422";"J. A. Steyermark, M. Guariglia P., N. H. Holmgren, J. L. Luteyn & S. A. Mori";"US";NA;NA;NA;NA;"Brocchinia acuminata L.B.Sm.";NA;NA;"NMNH Extant Biology";NA;NA;NA;NA;NA;NA;"10-Feb-82";NA;NA;"41";"41";NA;"South America - Neotropics, Venezuela, Amazonas, Atabapo";NA;NA;1;"Cumbre, altiplanicie pantanosa no arbolada dominada por Heliamphora y otra plantas pequeñas";"Plantae, Monocotyledonae, Bromeliales, Bromeliaceae";NA;NA;NA;NA;NA;NA;NA;NA;NA
"30";"1456005173";"Brocchinia acuminata L.B.Sm.";4.69;-64.22;"gass84";"821cc27a-e3bb-4bc5-ac34-89ada245069d";"bc092ff0-02e4-11dc-991f-b8a03c50a862";"b2ff19b5-d74f-40d2-82f1-ec5db01e8e31";"US";"DWC_ARCHIVE";"2020-02-26T20:45:55.989+0000";"2020-02-26T22:04:01.877+0000";137;"none";"PRESERVED_SPECIMEN";5287587;6;7707728;196;1369;3740;2693409;5287587;5287587;"Brocchinia acuminata L.B.Sm.";"Plantae";"Tracheophyta";"Poales";"Bromeliaceae";"Brocchinia";"Brocchinia acuminata";"Brocchinia";"acuminata";"SPECIES";"ACCEPTED";NA;1410;NA;"SOUTH_AMERICA";"Bolívar";1974;2;10;"1974-02-10T00:00:00";"2020-02-26T22:04:01.877+0000";"http://creativecommons.org/publicdomain/zero/1.0/legalcode";"none";"none";"none";"WGS84";"Liliopsida";"VE";"Venezuela, Bolivarian Republic of";"108908";"http://n2t.net/ark:/65665/3207db628-013f-4fd8-b2e6-a360f9bc4bd0";"http://biocol.org/urn:lsid:biocol.org:col:34871";NA;"Meseta del Jaua: Cerro Sarisariñama";NA;"Botany";"1456005173";"http://n2t.net/ark:/65665/3207db628-013f-4fd8-b2e6-a360f9bc4bd0";"PhysicalObject";"2747468";"J. A. Steyermark, V. Carreño E. & C. Brewer-Carias";"US";NA;NA;NA;"Smith, L. B., (US), NMNH";"Brocchinia acuminata L.B.Sm.";NA;NA;"NMNH Extant Biology";NA;NA;NA;NA;NA;NA;"10-Feb-74";NA;NA;"41";"41";NA;"South America - Neotropics, Venezuela, Bolívar";NA;NA;1;"Formación de bosque achaparrado y árboles enanos";"Plantae, Monocotyledonae, Bromeliales, Bromeliaceae";NA;NA;NA;NA;NA;NA;NA;NA;NA
"31";"1456088254";"Brocchinia acuminata L.B.Sm.";4.69;-64.22;"gass84";"821cc27a-e3bb-4bc5-ac34-89ada245069d";"bc092ff0-02e4-11dc-991f-b8a03c50a862";"b2ff19b5-d74f-40d2-82f1-ec5db01e8e31";"US";"DWC_ARCHIVE";"2020-02-26T20:45:55.989+0000";"2020-02-26T22:04:06.140+0000";137;"none";"PRESERVED_SPECIMEN";5287587;6;7707728;196;1369;3740;2693409;5287587;5287587;"Brocchinia acuminata L.B.Sm.";"Plantae";"Tracheophyta";"Poales";"Bromeliaceae";"Brocchinia";"Brocchinia acuminata";"Brocchinia";"acuminata";"SPECIES";"ACCEPTED";NA;700;NA;"SOUTH_AMERICA";"Bolívar";1974;2;12;"1974-02-12T00:00:00";"2020-02-26T22:04:06.140+0000";"http://creativecommons.org/publicdomain/zero/1.0/legalcode";"none";"none";"none";"WGS84";"Liliopsida";"VE";"Venezuela, Bolivarian Republic of";"109093";"http://n2t.net/ark:/65665/3471b8d58-45b1-409a-bef2-4804d0ea5eb0";"http://biocol.org/urn:lsid:biocol.org:col:34871";NA;"Meseta del Jaua: Cerro Sarisariñama: summit, porción Nor-este, Sima Mayor";NA;"Botany";"1456088254";"http://n2t.net/ark:/65665/3471b8d58-45b1-409a-bef2-4804d0ea5eb0";"PhysicalObject";"2747471";"J. A. Steyermark, V. Carreño E. & C. Brewer-Carias";"US";NA;NA;NA;"Smith, L. B., (US), NMNH";"Brocchinia acuminata L.B.Sm.";NA;NA;"NMNH Extant Biology";NA;NA;NA;NA;NA;NA;"12-Feb-74 to 15-Feb-74";NA;NA;"46";"43";NA;"South America - Neotropics, Venezuela, Bolívar";NA;NA;1;"Interior y fondo arboreado de la sima; in loose humus";"Plantae, Monocotyledonae, Bromeliales, Bromeliaceae";NA;NA;NA;NA;NA;NA;NA;NA;NA
"32";"2515244569";"Brocchinia acuminata L.B.Sm.";4.69;-64.22;"";"15f819bd-6612-4447-854b-14d12ee1022d";"396d5f30-dea9-11db-8ab4-b8a03c50a862";"65eb93af-41b8-4917-a5fc-cfe2a45aa4bf";"NL";"DWC_ARCHIVE";"2020-02-20T13:45:44.781+0000";"2020-02-20T14:31:31.735+0000";134;"none";"PRESERVED_SPECIMEN";5287587;6;7707728;196;1369;3740;2693409;5287587;5287587;"Brocchinia acuminata L.B.Sm.";"Plantae";"Tracheophyta";"Poales";"Bromeliaceae";"Brocchinia";"Brocchinia acuminata";"Brocchinia";"acuminata";"SPECIES";"ACCEPTED";NA;NA;NA;"SOUTH_AMERICA";NA;1974;2;10;"1974-02-10T00:00:00";"2020-02-20T14:31:31.735+0000";"http://creativecommons.org/publicdomain/zero/1.0/legalcode";"none";"none";"none";"WGS84";"Liliopsida";"VE";"Venezuela, Bolivarian Republic of";NA;"U.1178441@BRAHMS";"Naturalis Biodiversity Center";NA;"Estado Bolivar. Meseta del Jaua. Cerro Sarisarinama.";NA;"Botany";"2515244569";"https://data.biodiversitydata.nl/naturalis/specimen/U.1178441";NA;"U.1178441";"Steyermark JA; Carreño Espinoza V";NA;NA;NA;NA;NA;"Brocchinia acuminata L.B.Sm.";"Naturalis Biodiversity Center";NA;NA;NA;NA;NA;NA;NA;NA;NA;"ICN";NA;NA;NA;NA;NA;NA;NA;NA;NA;"Plantae|Magnoliopsidae|Poales|Bromeliaceae";NA;NA;NA;NA;NA;NA;NA;NA;NA
"33";"1265792699";"Brocchinia acuminata L.B.Sm.";7.0758;-65.9119;"gass84";"90c853e6-56bd-480b-8e8f-6285c3f8d42b";"7b8aff00-a9f8-11d8-944b-b8a03c50a862";"3b84ff5b-79ce-427c-acb7-b4004e160f66";"US";"DWC_ARCHIVE";"2020-02-06T10:27:54.420+0000";"2020-02-10T22:03:21.442+0000";138;"none";"PRESERVED_SPECIMEN";5287587;6;7707728;196;1369;3740;2693409;5287587;5287587;"Brocchinia acuminata L.B.Sm.";"Plantae";"Tracheophyta";"Poales";"Bromeliaceae";"Brocchinia";"Brocchinia acuminata";"Brocchinia";"acuminata";"SPECIES";"ACCEPTED";NA;NA;NA;"SOUTH_AMERICA";NA;1974;3;3;"1974-03-03T00:00:00";"2020-02-10T22:03:21.442+0000";"http://creativecommons.org/publicdomain/zero/1.0/legalcode";"none";"none";"none";"WGS84";"Liliopsida";"VE";"Venezuela, Bolivarian Republic of";"109715";"c365381b-997f-466c-918c-96224463fd33";"F";NA;NA;NA;"Botany";"1265792699";"c365381b-997f-466c-918c-96224463fd33";"PhysicalObject";"V0402669F";"J. A. Steyermark et al.";"F";NA;NA;"Botany";NA;"Brocchinia acuminata L.B.Sm.";"The Field Museum of Natural History";NA;"Flowers TCN";NA;NA;"en";NA;NA;NA;NA;"ICBN";NA;NA;NA;NA;"South America, VENEZUELA";NA;"http://fieldmuseum.org/about/copyright-information";NA;NA;"Plantae Spermatophyta Monocotyledoneae Bromeliaceae";NA;NA;NA;NA;NA;"F";NA;"3434399";"seeds-10-apr-2019"
"34";"1456100090";"Brocchinia acuminata L.B.Sm.";4.81;-64.56;"gass84";"821cc27a-e3bb-4bc5-ac34-89ada245069d";"bc092ff0-02e4-11dc-991f-b8a03c50a862";"b2ff19b5-d74f-40d2-82f1-ec5db01e8e31";"US";"DWC_ARCHIVE";"2020-02-26T20:45:55.989+0000";"2020-02-26T22:04:28.001+0000";137;"none";"PRESERVED_SPECIMEN";5287587;6;7707728;196;1369;3740;2693409;5287587;5287587;"Brocchinia acuminata L.B.Sm.";"Plantae";"Tracheophyta";"Poales";"Bromeliaceae";"Brocchinia";"Brocchinia acuminata";"Brocchinia";"acuminata";"SPECIES";"ACCEPTED";NA;1885;35;"SOUTH_AMERICA";"Bolívar";1974;3;4;"1974-03-04T00:00:00";"2020-02-26T22:04:28.001+0000";"http://creativecommons.org/publicdomain/zero/1.0/legalcode";"none";"none";"none";"WGS84";"Liliopsida";"VE";"Venezuela, Bolivarian Republic of";"109807";"http://n2t.net/ark:/65665/34c929a26-9173-4891-9f0f-b0add4438a92";"http://biocol.org/urn:lsid:biocol.org:col:34871";NA;"Meseta del Jaua: Cerro Jaua, porción SO, al W del tributarío del Río Marajano, 2-3km al W del campamento";NA;"Botany";"1456100090";"http://n2t.net/ark:/65665/34c929a26-9173-4891-9f0f-b0add4438a92";"PhysicalObject";"2747474";"J. A. Steyermark, V. Carreño E. & C. Brewer-Carias";"US";NA;NA;NA;"Smith, L. B., (US), NMNH";"Brocchinia acuminata L.B.Sm.";NA;NA;"NMNH Extant Biology";NA;NA;NA;NA;NA;NA;"4-Mar-74";NA;NA;"63";"63";NA;"South America - Neotropics, Venezuela, Bolívar";NA;NA;1;"Escarpas y riscos de arenisco del tributario; y bordeando la sabana de Stegolepis-Brocchinia hechtioides";"Plantae, Monocotyledonae, Bromeliales, Bromeliaceae";NA;NA;NA;NA;NA;NA;NA;NA;NA
"35";"1456360014";"Brocchinia acuminata L.B.Sm.";4.08;-64.67;"gass84";"821cc27a-e3bb-4bc5-ac34-89ada245069d";"bc092ff0-02e4-11dc-991f-b8a03c50a862";"b2ff19b5-d74f-40d2-82f1-ec5db01e8e31";"US";"DWC_ARCHIVE";"2020-02-26T20:45:55.989+0000";"2020-02-26T22:04:28.243+0000";137;"none";"PRESERVED_SPECIMEN";5287587;6;7707728;196;1369;3740;2693409;5287587;5287587;"Brocchinia acuminata L.B.Sm.";"Plantae";"Tracheophyta";"Poales";"Bromeliaceae";"Brocchinia";"Brocchinia acuminata";"Brocchinia";"acuminata";"SPECIES";"ACCEPTED";NA;1500;NA;"SOUTH_AMERICA";"Amazonas";1973;5;19;"1973-05-19T00:00:00";"2020-02-26T22:04:28.243+0000";"http://creativecommons.org/publicdomain/zero/1.0/legalcode";"none";"none";"none";"WGS84";"Liliopsida";"VE";"Venezuela, Bolivarian Republic of";"107507";"http://n2t.net/ark:/65665/3c617dc9d-980b-40e3-a66c-3f6b9154ba4b";"http://biocol.org/urn:lsid:biocol.org:col:34871";NA;"Sierra Parima; cabecercas del Río Matacuni";NA;"Botany";"1456360014";"http://n2t.net/ark:/65665/3c617dc9d-980b-40e3-a66c-3f6b9154ba4b";"PhysicalObject";"2688620";"J. A. Steyermark";"US";NA;NA;NA;NA;"Brocchinia acuminata L.B.Sm.";NA;NA;"NMNH Extant Biology";NA;NA;NA;NA;NA;NA;"19-May-73";NA;NA;"139";"139";NA;"South America - Neotropics, Venezuela, Amazonas";NA;NA;1;"Afloramiento igneo rodeado por bosques, among the vegetation of the laja";"Plantae, Monocotyledonae, Bromeliales, Bromeliaceae";NA;NA;NA;NA;NA;NA;NA;NA;NA
"36";"1261322086";"Brocchinia acuminata L.B.Sm.";4.75;-64.43333;"gass84";"7bd65a7a-f762-11e1-a439-00145eb45e9a";"90fd6680-349f-11d8-aa2d-b8a03c50a862";"c4e134d3-c68f-406d-a116-6a37895602e0";"US";"DWC_ARCHIVE";"2020-02-21T14:54:19.467+0000";"2020-02-21T15:24:01.987+0000";108;"none";"PRESERVED_SPECIMEN";5287587;6;7707728;196;1369;3740;2693409;5287587;5287587;"Brocchinia acuminata L.B.Sm.";"Plantae";"Tracheophyta";"Poales";"Bromeliaceae";"Brocchinia";"Brocchinia acuminata";"Brocchinia";"acuminata";"SPECIES";"ACCEPTED";NA;NA;NA;"SOUTH_AMERICA";"Bolívar";1967;3;22;"1967-03-22T00:00:00";"2020-02-21T15:24:01.987+0000";"http://creativecommons.org/licenses/by/4.0/legalcode";"none";"none";"none";"WGS84";"Liliopsida";"VE";"Venezuela, Bolivarian Republic of";"Steyermark 97957";"urn:catalog:MO:Tropicos:607180";NA;NA;"Meseta Jaua";NA;"MO";"1261322086";"urn:catalog:MO:Tropicos:607180";"PhysicalObject";"607180";"Julian A. Steyermark";"MO";NA;NA;"http://biocol.org/urn:lsid:biocol.org:col:15859";NA;"Brocchinia acuminata L.B.Sm.";"Missouri Botanical Garden";NA;"Tropicos";NA;NA;NA;NA;NA;NA;NA;"ICNafp";NA;NA;NA;NA;NA;NA;NA;NA;NA;NA;"4301327";NA;"2008-05-27T22:02:00.000+0000";"No opinion";NA;"MOBOT";"http://www.tropicos.org/Specimen/607180";NA;NA
"37";"1456466815";"Brocchinia acuminata L.B.Sm.";4.75;-64.43;"gass84";"821cc27a-e3bb-4bc5-ac34-89ada245069d";"bc092ff0-02e4-11dc-991f-b8a03c50a862";"b2ff19b5-d74f-40d2-82f1-ec5db01e8e31";"US";"DWC_ARCHIVE";"2020-02-26T20:45:55.989+0000";"2020-02-26T22:04:40.161+0000";137;"none";"PRESERVED_SPECIMEN";5287587;6;7707728;196;1369;3740;2693409;5287587;5287587;"Brocchinia acuminata L.B.Sm.";"Plantae";"Tracheophyta";"Poales";"Bromeliaceae";"Brocchinia";"Brocchinia acuminata";"Brocchinia";"acuminata";"SPECIES";"ACCEPTED";NA;2011;89;"SOUTH_AMERICA";"Bolívar";1967;3;22;"1967-03-22T00:00:00";"2020-02-26T22:04:40.161+0000";"http://creativecommons.org/publicdomain/zero/1.0/legalcode";"none";"none";"none";"WGS84";"Liliopsida";"VE";"Venezuela, Bolivarian Republic of";"97957";"http://n2t.net/ark:/65665/3f7ddc676-29fe-4664-b4ba-6e2968058403";"http://biocol.org/urn:lsid:biocol.org:col:34871";NA;"Meseta del Jaua: Cerro Jáua, cumbre de la porcion Central-Occidental de la Meseta, 36 millas nauticas o 60 km NO de la mision de Campamento Sanidad del Río Kanarakuni";NA;"Botany";"1456466815";"http://n2t.net/ark:/65665/3f7ddc676-29fe-4664-b4ba-6e2968058403";"PhysicalObject";"2573982";"J. A. Steyermark";"US";NA;NA;NA;"Smith, L. B., (US), NMNH";"Brocchinia acuminata L.B.Sm.";NA;NA;"NMNH Extant Biology";NA;NA;NA;NA;NA;NA;"22-Mar-67 to 27-Mar-67";NA;NA;"86";"81";NA;"South America - Neotropics, Venezuela, Bolívar";NA;NA;1;"Cumbre";"Plantae, Monocotyledonae, Bromeliales, Bromeliaceae";NA;NA;NA;NA;NA;NA;NA;NA;NA
"38";"1456396928";"Brocchinia acuminata L.B.Sm.";5.93;-61.4;"gass84";"821cc27a-e3bb-4bc5-ac34-89ada245069d";"bc092ff0-02e4-11dc-991f-b8a03c50a862";"b2ff19b5-d74f-40d2-82f1-ec5db01e8e31";"US";"DWC_ARCHIVE";"2020-02-26T20:45:55.989+0000";"2020-02-26T22:04:07.368+0000";137;"none";"PRESERVED_SPECIMEN";5287587;6;7707728;196;1369;3740;2693409;5287587;5287587;"Brocchinia acuminata L.B.Sm.";"Plantae";"Tracheophyta";"Poales";"Bromeliaceae";"Brocchinia";"Brocchinia acuminata";"Brocchinia";"acuminata";"SPECIES";"ACCEPTED";NA;1425;25;"SOUTH_AMERICA";"Bolívar";1964;1;1;"1964-01-01T00:00:00";"2020-02-26T22:04:07.368+0000";"http://creativecommons.org/publicdomain/zero/1.0/legalcode";"none";"none";"none";"WGS84";"Liliopsida";"VE";"Venezuela, Bolivarian Republic of";"92497";"http://n2t.net/ark:/65665/3d748472b-3393-4e6b-9ffe-7befbbea1d38";"http://biocol.org/urn:lsid:biocol.org:col:34871";NA;"Cerro Venamo, parte Sur-Oeste, cerca de los limites con Guayana Inglesa";NA;"Botany";"1456396928";"http://n2t.net/ark:/65665/3d748472b-3393-4e6b-9ffe-7befbbea1d38";"PhysicalObject";"2446802";"J. A. Steyermark, G. C. K. Dunsterville & E. Dunsterville";"US";NA;NA;NA;"Smith, L. B., (US), NMNH";"Brocchinia acuminata L.B.Sm.";NA;NA;"NMNH Extant Biology";NA;NA;NA;NA;NA;NA;"1-Jan-64";NA;NA;"1";"1";NA;"South America - Neotropics, Venezuela, Bolívar";NA;NA;1;"Bosque muscoso enano montañoso sobre la fila arriba de la ladera escarpada de arenisca";"Plantae, Monocotyledonae, Bromeliales, Bromeliaceae";NA;NA;NA;NA;NA;NA;NA;NA;NA
"39";"1456227486";"Brocchinia acuminata L.B.Sm.";5.85;-61.44;"gass84";"821cc27a-e3bb-4bc5-ac34-89ada245069d";"bc092ff0-02e4-11dc-991f-b8a03c50a862";"b2ff19b5-d74f-40d2-82f1-ec5db01e8e31";"US";"DWC_ARCHIVE";"2020-02-26T20:45:55.989+0000";"2020-02-26T22:04:08.434+0000";137;"none";"PRESERVED_SPECIMEN";5287587;6;7707728;196;1369;3740;2693409;5287587;5287587;"Brocchinia acuminata L.B.Sm.";"Plantae";"Tracheophyta";"Poales";"Bromeliaceae";"Brocchinia";"Brocchinia acuminata";"Brocchinia";"acuminata";"SPECIES";"ACCEPTED";NA;1200;NA;"SOUTH_AMERICA";"Bolívar";1960;4;17;"1960-04-17T00:00:00";"2020-02-26T22:04:08.434+0000";"http://creativecommons.org/publicdomain/zero/1.0/legalcode";"none";"none";"none";"WGS84";"Liliopsida";"VE";"Venezuela, Bolivarian Republic of";"60 265";"http://n2t.net/ark:/65665/388470fec-9ef5-4288-a388-f8d4b2e1cac3";"http://biocol.org/urn:lsid:biocol.org:col:34871";NA;"Fila La Danta, following the provisional carretera between campamento 125 and km 127, between Luepa and cerro Venamo";NA;"Botany";"1456227486";"http://n2t.net/ark:/65665/388470fec-9ef5-4288-a388-f8d4b2e1cac3";"PhysicalObject";"2338327";"J. A. Steyermark & S. Nilsson";"US";NA;NA;NA;"Smith, L. B., (US), NMNH";"Brocchinia acuminata L.B.Sm.";NA;NA;"NMNH Extant Biology";NA;NA;NA;NA;NA;NA;"17-Apr-60";NA;NA;"108";"108";NA;"South America - Neotropics, Venezuela, Bolívar";NA;NA;1;"Wooded ridge; along provisional road";"Plantae, Monocotyledonae, Bromeliales, Bromeliaceae";NA;NA;NA;NA;NA;NA;NA;NA;NA
"40";"1456252741";"Brocchinia acuminata L.B.Sm.";5.85;-61.44;"gass84";"821cc27a-e3bb-4bc5-ac34-89ada245069d";"bc092ff0-02e4-11dc-991f-b8a03c50a862";"b2ff19b5-d74f-40d2-82f1-ec5db01e8e31";"US";"DWC_ARCHIVE";"2020-02-26T20:45:55.989+0000";"2020-02-26T22:04:08.689+0000";137;"none";"PRESERVED_SPECIMEN";5287587;6;7707728;196;1369;3740;2693409;5287587;5287587;"Brocchinia acuminata L.B.Sm.";"Plantae";"Tracheophyta";"Poales";"Bromeliaceae";"Brocchinia";"Brocchinia acuminata";"Brocchinia";"acuminata";"SPECIES";"ACCEPTED";NA;1200;NA;"SOUTH_AMERICA";"Bolívar";1960;4;15;"1960-04-15T00:00:00";"2020-02-26T22:04:08.689+0000";"http://creativecommons.org/publicdomain/zero/1.0/legalcode";"none";"none";"none";"WGS84";"Liliopsida";"VE";"Venezuela, Bolivarian Republic of";"60 174";"http://n2t.net/ark:/65665/393fbc91b-09ff-4c4d-a1b8-69286ce7d1e1";"http://biocol.org/urn:lsid:biocol.org:col:34871";NA;"Fila La Danta, following the provisional carretera between campamento 125 and km 127, between Luepa and cerro Venamo";NA;"Botany";"1456252741";"http://n2t.net/ark:/65665/393fbc91b-09ff-4c4d-a1b8-69286ce7d1e1";"PhysicalObject";"2338325";"J. A. Steyermark & S. Nilsson";"US";NA;NA;NA;"Smith, L. B., (US), NMNH";"Brocchinia acuminata L.B.Sm.";NA;NA;"NMNH Extant Biology";NA;NA;NA;NA;NA;NA;"15-Apr-60";NA;NA;"106";"106";NA;"South America - Neotropics, Venezuela, Bolívar";NA;NA;1;"Wooded ridge";"Plantae, Monocotyledonae, Bromeliales, Bromeliaceae";NA;NA;NA;NA;NA;NA;NA;NA;NA
"41";"1456447009";"Brocchinia acuminata L.B.Sm.";5.05;-61.36;"gass84";"821cc27a-e3bb-4bc5-ac34-89ada245069d";"bc092ff0-02e4-11dc-991f-b8a03c50a862";"b2ff19b5-d74f-40d2-82f1-ec5db01e8e31";"US";"DWC_ARCHIVE";"2020-02-26T20:45:55.989+0000";"2020-02-26T22:04:41.231+0000";137;"none";"PRESERVED_SPECIMEN";5287587;6;7707728;196;1369;3740;2693409;5287587;5287587;"Brocchinia acuminata L.B.Sm.";"Plantae";"Tracheophyta";"Poales";"Bromeliaceae";"Brocchinia";"Brocchinia acuminata";"Brocchinia";"acuminata";"SPECIES";"ACCEPTED";NA;1220;NA;"SOUTH_AMERICA";"Bolívar";1960;4;25;"1960-04-25T00:00:00";"2020-02-26T22:04:41.231+0000";"http://creativecommons.org/publicdomain/zero/1.0/legalcode";"none";"none";"none";"WGS84";"Liliopsida";"VE";"Venezuela, Bolivarian Republic of";"60 568";"http://n2t.net/ark:/65665/3eea565ef-f7c1-4246-8334-9cc4562bca57";"http://biocol.org/urn:lsid:biocol.org:col:34871";NA;"Río Uarama, below Uarama-tepuí, NE of Luepa, vic. of road campamento 150 at km 150";NA;"Botany";"1456447009";"http://n2t.net/ark:/65665/3eea565ef-f7c1-4246-8334-9cc4562bca57";"PhysicalObject";"2338341";"J. A. Steyermark & S. Nilsson";"US";NA;NA;NA;"Smith, L. B., (US), NMNH";"Brocchinia acuminata L.B.Sm.";NA;NA;"NMNH Extant Biology";NA;NA;NA;NA;NA;NA;"25-Apr-60";NA;NA;"116";"116";NA;"South America - Neotropics, Venezuela, Bolívar";NA;NA;1;"Swampy savanna";"Plantae, Monocotyledonae, Bromeliales, Bromeliaceae";NA;NA;NA;NA;NA;NA;NA;NA;NA
"42";"1265792712";"Brocchinia acuminata L.B.Sm.";7.0758;-65.9119;"gass84";"90c853e6-56bd-480b-8e8f-6285c3f8d42b";"7b8aff00-a9f8-11d8-944b-b8a03c50a862";"3b84ff5b-79ce-427c-acb7-b4004e160f66";"US";"DWC_ARCHIVE";"2020-02-06T10:27:54.420+0000";"2020-02-10T22:03:50.542+0000";138;"none";"PRESERVED_SPECIMEN";5287587;6;7707728;196;1369;3740;2693409;5287587;5287587;"Brocchinia acuminata L.B.Sm.";"Plantae";"Tracheophyta";"Poales";"Bromeliaceae";"Brocchinia";"Brocchinia acuminata";"Brocchinia";"acuminata";"SPECIES";"ACCEPTED";NA;NA;NA;"SOUTH_AMERICA";NA;1953;4;14;"1953-04-14T00:00:00";"2020-02-10T22:03:50.542+0000";"http://creativecommons.org/publicdomain/zero/1.0/legalcode";"none";"none";"none";"WGS84";"Liliopsida";"VE";"Venezuela, Bolivarian Republic of";"75007";"43d325f1-0478-4b99-88a9-f0f4af0af31a";"F";NA;NA;NA;"Botany";"1265792712";"43d325f1-0478-4b99-88a9-f0f4af0af31a";"PhysicalObject";"V0402666F";"J. A. Steyermark";"F";NA;NA;"Botany";NA;"Brocchinia acuminata L.B.Sm.";"The Field Museum of Natural History";NA;"Flowers TCN";NA;NA;"en";NA;NA;NA;NA;"ICBN";NA;NA;NA;NA;"South America, VENEZUELA";NA;"http://fieldmuseum.org/about/copyright-information";NA;NA;"Plantae Spermatophyta Monocotyledoneae Bromeliaceae";NA;NA;NA;NA;NA;"F";NA;"3434395";"seeds-10-apr-2019"
"43";"1456075690";"Brocchinia acuminata L.B.Sm.";5.21;-62.25;"gass84";"821cc27a-e3bb-4bc5-ac34-89ada245069d";"bc092ff0-02e4-11dc-991f-b8a03c50a862";"b2ff19b5-d74f-40d2-82f1-ec5db01e8e31";"US";"DWC_ARCHIVE";"2020-02-26T20:45:55.989+0000";"2020-02-26T22:04:05.752+0000";137;"none";"PRESERVED_SPECIMEN";5287587;6;7707728;196;1369;3740;2693409;5287587;5287587;"Brocchinia acuminata L.B.Sm.";"Plantae";"Tracheophyta";"Poales";"Bromeliaceae";"Brocchinia";"Brocchinia acuminata";"Brocchinia";"acuminata";"SPECIES";"ACCEPTED";NA;1900;100;"SOUTH_AMERICA";"Bolívar";1953;4;14;"1953-04-14T00:00:00";"2020-02-26T22:04:05.752+0000";"http://creativecommons.org/publicdomain/zero/1.0/legalcode";"none";"none";"none";"WGS84";"Liliopsida";"VE";"Venezuela, Bolivarian Republic of";"75007";"http://n2t.net/ark:/65665/341467b53-3d90-4122-b1bc-ca8ea3a2e1cb";"http://biocol.org/urn:lsid:biocol.org:col:34871";NA;"Chimantá Massif, Apácara-tepuí, vic. Camp 4";NA;"Botany";"1456075690";"http://n2t.net/ark:/65665/341467b53-3d90-4122-b1bc-ca8ea3a2e1cb";"PhysicalObject";"2198766";"J. A. Steyermark";"US";NA;NA;NA;"Smith, L. B., (US), NMNH";"Brocchinia acuminata L.B.Sm.";NA;NA;"NMNH Extant Biology";NA;NA;NA;NA;NA;NA;"14-Apr-53";NA;NA;"104";"104";NA;"South America - Neotropics, Venezuela, Bolívar";NA;NA;1;"Open ground around lower sandstone outcrops";"Plantae, Monocotyledonae, Bromeliales, Bromeliaceae";NA;NA;NA;NA;NA;NA;NA;NA;NA
"44";"1456097181";"Brocchinia acuminata L.B.Sm.";5.81;-63.66;"gass84";"821cc27a-e3bb-4bc5-ac34-89ada245069d";"bc092ff0-02e4-11dc-991f-b8a03c50a862";"b2ff19b5-d74f-40d2-82f1-ec5db01e8e31";"US";"DWC_ARCHIVE";"2020-02-26T20:45:55.989+0000";"2020-02-26T22:04:08.220+0000";137;"none";"PRESERVED_SPECIMEN";5287587;6;7707728;196;1369;3740;2693409;5287587;5287587;"Brocchinia acuminata L.B.Sm.";"Plantae";"Tracheophyta";"Poales";"Bromeliaceae";"Brocchinia";"Brocchinia acuminata";"Brocchinia";"acuminata";"SPECIES";"ACCEPTED";NA;1800;NA;"SOUTH_AMERICA";"Bolívar";1951;12;26;"1951-12-26T00:00:00";"2020-02-26T22:04:08.220+0000";"http://creativecommons.org/publicdomain/zero/1.0/legalcode";"none";"none";"none";"WGS84";"Liliopsida";"VE";"Venezuela, Bolivarian Republic of";"32785";"http://n2t.net/ark:/65665/34b3705d2-43fd-4511-934e-786ca598e0ef";"http://biocol.org/urn:lsid:biocol.org:col:34871";NA;"Cerro Guaiquinima, Río Paragua, 1 km E of Cumbre Camp";NA;"Botany";"1456097181";"http://n2t.net/ark:/65665/34b3705d2-43fd-4511-934e-786ca598e0ef";"PhysicalObject";"2057376";"B. Maguire";"US";NA;NA;NA;"Smith, L. B., (US), NMNH";"Brocchinia acuminata L.B.Sm.";NA;NA;"NMNH Extant Biology";NA;NA;NA;NA;NA;NA;"26-Dec-51";NA;NA;"360";"360";NA;"South America - Neotropics, Venezuela, Bolívar";NA;NA;1;"Thickets in cumbre";"Plantae, Monocotyledonae, Bromeliales, Bromeliaceae";NA;NA;NA;NA;NA;NA;NA;NA;NA
"45";"1265792700";"Brocchinia acuminata L.B.Sm.";7.0758;-65.9119;"gass84";"90c853e6-56bd-480b-8e8f-6285c3f8d42b";"7b8aff00-a9f8-11d8-944b-b8a03c50a862";"3b84ff5b-79ce-427c-acb7-b4004e160f66";"US";"DWC_ARCHIVE";"2020-02-06T10:27:54.420+0000";"2020-02-10T22:03:41.687+0000";138;"none";"PRESERVED_SPECIMEN";5287587;6;7707728;196;1369;3740;2693409;5287587;5287587;"Brocchinia acuminata L.B.Sm.";"Plantae";"Tracheophyta";"Poales";"Bromeliaceae";"Brocchinia";"Brocchinia acuminata";"Brocchinia";"acuminata";"SPECIES";"ACCEPTED";NA;NA;NA;"SOUTH_AMERICA";NA;1944;9;4;"1944-09-04T00:00:00";"2020-02-10T22:03:41.687+0000";"http://creativecommons.org/publicdomain/zero/1.0/legalcode";"none";"none";"none";"WGS84";"Liliopsida";"VE";"Venezuela, Bolivarian Republic of";"58363";"f77198dd-da48-470c-b74a-278628098b4e";"F";NA;NA;NA;"Botany";"1265792700";"f77198dd-da48-470c-b74a-278628098b4e";"PhysicalObject";"V0402667F";"J. A. Steyermark";"F";NA;NA;"Botany";NA;"Brocchinia acuminata L.B.Sm.";"The Field Museum of Natural History";NA;"Flowers TCN";NA;NA;"en";NA;NA;NA;NA;"ICBN";NA;NA;NA;NA;"South America, VENEZUELA";NA;"http://fieldmuseum.org/about/copyright-information";NA;NA;"Plantae Spermatophyta Monocotyledoneae Bromeliaceae";NA;NA;NA;NA;NA;"F";NA;"3434396";"seeds-10-apr-2019"
"46";"1265792701";"Brocchinia acuminata L.B.Sm.";7.0758;-65.9119;"gass84";"90c853e6-56bd-480b-8e8f-6285c3f8d42b";"7b8aff00-a9f8-11d8-944b-b8a03c50a862";"3b84ff5b-79ce-427c-acb7-b4004e160f66";"US";"DWC_ARCHIVE";"2020-02-06T10:27:54.420+0000";"2020-02-10T22:03:40.149+0000";138;"none";"PRESERVED_SPECIMEN";5287587;6;7707728;196;1369;3740;2693409;5287587;5287587;"Brocchinia acuminata L.B.Sm.";"Plantae";"Tracheophyta";"Poales";"Bromeliaceae";"Brocchinia";"Brocchinia acuminata";"Brocchinia";"acuminata";"SPECIES";"ACCEPTED";NA;NA;NA;"SOUTH_AMERICA";NA;1944;9;4;"1944-09-04T00:00:00";"2020-02-10T22:03:40.149+0000";"http://creativecommons.org/publicdomain/zero/1.0/legalcode";"none";"none";"none";"WGS84";"Liliopsida";"VE";"Venezuela, Bolivarian Republic of";"58363";"5e9d5da8-dc99-4f39-8a6f-99f5380d2641";"F";NA;NA;NA;"Botany";"1265792701";"5e9d5da8-dc99-4f39-8a6f-99f5380d2641";"PhysicalObject";"V0402668F";"J. A. Steyermark";"F";NA;NA;"Botany";NA;"Brocchinia acuminata L.B.Sm.";"The Field Museum of Natural History";NA;"Flowers TCN";NA;NA;"en";NA;NA;NA;NA;"ICBN";NA;NA;NA;NA;"South America, VENEZUELA";NA;"http://fieldmuseum.org/about/copyright-information";NA;NA;"Plantae Spermatophyta Monocotyledoneae Bromeliaceae";NA;NA;NA;NA;NA;"F";NA;"3434398";"seeds-10-apr-2019"
"47";"1228418820";"Brocchinia acuminata L.B.Sm.";6.3333;-63.5;"gass84";"90c853e6-56bd-480b-8e8f-6285c3f8d42b";"7b8aff00-a9f8-11d8-944b-b8a03c50a862";"3b84ff5b-79ce-427c-acb7-b4004e160f66";"US";"DWC_ARCHIVE";"2020-02-06T10:27:54.420+0000";"2020-02-10T22:03:18.872+0000";138;"none";"PRESERVED_SPECIMEN";5287587;6;7707728;196;1369;3740;2693409;5287587;5287587;"Brocchinia acuminata L.B.Sm.";"Plantae";"Tracheophyta";"Poales";"Bromeliaceae";"Brocchinia";"Brocchinia acuminata";"Brocchinia";"acuminata";"SPECIES";"ACCEPTED";"1946-01-01T00:00:00";NA;NA;"SOUTH_AMERICA";"Bolívar";1944;10;29;"1944-10-29T00:00:00";"2020-02-10T22:03:18.872+0000";"http://creativecommons.org/publicdomain/zero/1.0/legalcode";"none";"none";"none";"WGS84";"Liliopsida";"VE";"Venezuela, Bolivarian Republic of";"59492";"75142c28-14fd-4ed7-9b16-efc3cfd53f3e";"F";NA;NA;NA;"Botany";"1228418820";"75142c28-14fd-4ed7-9b16-efc3cfd53f3e";"PhysicalObject";NA;"J. A. Steyermark";"F";NA;NA;"Botany";"RRC ID Flag";"Brocchinia acuminata L.B.Sm.";"The Field Museum of Natural History";NA;"Rapid Reference Collection";NA;NA;"en";NA;NA;NA;NA;"ICBN";NA;NA;NA;NA;"South America, Venezuela, Bolívar";NA;"http://fieldmuseum.org/about/copyright-information";NA;NA;"Plantae Spermatophyta Monocotyledoneae Bromeliaceae";NA;NA;NA;NA;"59492";"F";NA;"324969";"seeds-10-apr-2019"
"48";"1265792694";"Brocchinia acuminata L.B.Sm.";7.0758;-65.9119;"gass84";"90c853e6-56bd-480b-8e8f-6285c3f8d42b";"7b8aff00-a9f8-11d8-944b-b8a03c50a862";"3b84ff5b-79ce-427c-acb7-b4004e160f66";"US";"DWC_ARCHIVE";"2020-02-06T10:27:54.420+0000";"2020-02-10T22:03:44.927+0000";138;"none";"PRESERVED_SPECIMEN";5287587;6;7707728;196;1369;3740;2693409;5287587;5287587;"Brocchinia acuminata L.B.Sm.";"Plantae";"Tracheophyta";"Poales";"Bromeliaceae";"Brocchinia";"Brocchinia acuminata";"Brocchinia";"acuminata";"SPECIES";"ACCEPTED";NA;NA;NA;"SOUTH_AMERICA";NA;1944;10;29;"1944-10-29T00:00:00";"2020-02-10T22:03:44.927+0000";"http://creativecommons.org/publicdomain/zero/1.0/legalcode";"none";"none";"none";"WGS84";"Liliopsida";"VE";"Venezuela, Bolivarian Republic of";"59492";"4f5991dd-61a3-4d1e-90e9-86d869fe414e";"F";NA;NA;NA;"Botany";"1265792694";"4f5991dd-61a3-4d1e-90e9-86d869fe414e";"PhysicalObject";"V0402665F";"J. A. Steyermark";"F";NA;NA;"Botany";NA;"Brocchinia acuminata L.B.Sm.";"The Field Museum of Natural History";NA;"Flowers TCN";NA;NA;"en";NA;NA;NA;NA;"ICBN";NA;NA;NA;NA;"South America, VENEZUELA";NA;"http://fieldmuseum.org/about/copyright-information";NA;NA;"Plantae Spermatophyta Monocotyledoneae Bromeliaceae";NA;NA;NA;NA;NA;"F";NA;"3434392";"seeds-10-apr-2019"
"49";"1456226995";"Brocchinia acuminata L.B.Sm.";5.75;-61.75;"gass84";"821cc27a-e3bb-4bc5-ac34-89ada245069d";"bc092ff0-02e4-11dc-991f-b8a03c50a862";"b2ff19b5-d74f-40d2-82f1-ec5db01e8e31";"US";"DWC_ARCHIVE";"2020-02-26T20:45:55.989+0000";"2020-02-26T22:04:29.780+0000";137;"none";"PRESERVED_SPECIMEN";5287587;6;7707728;196;1369;3740;2693409;5287587;5287587;"Brocchinia acuminata L.B.Sm.";"Plantae";"Tracheophyta";"Poales";"Bromeliaceae";"Brocchinia";"Brocchinia acuminata";"Brocchinia";"acuminata";"SPECIES";"ACCEPTED";NA;1592.5;7.5;"SOUTH_AMERICA";"Bolívar";1944;11;10;"1944-11-10T00:00:00";"2020-02-26T22:04:29.780+0000";"http://creativecommons.org/publicdomain/zero/1.0/legalcode";"none";"none";"none";"WGS84";"Liliopsida";"VE";"Venezuela, Bolivarian Republic of";"59492";"http://n2t.net/ark:/65665/38808c83c-d261-4f99-9bdd-53623115ab2d";"http://biocol.org/urn:lsid:biocol.org:col:34871";NA;"Ptari-tepuí, \"Cave Rock\" above \"Cave Camp\"";NA;"Botany";"1456226995";"http://n2t.net/ark:/65665/38808c83c-d261-4f99-9bdd-53623115ab2d";"PhysicalObject";"1906889";"J. A. Steyermark";"US";NA;NA;NA;NA;"Brocchinia acuminata L.B.Sm.";NA;NA;"NMNH Extant Biology";NA;NA;NA;NA;NA;NA;"10-Nov-44 to 11-Nov-44";NA;NA;"316";"315";NA;"South America - Neotropics, Venezuela, Bolívar";NA;NA;1;"SE-facing slopes";"Plantae, Monocotyledonae, Bromeliales, Bromeliaceae";NA;NA;NA;NA;NA;NA;NA;NA;NA
"50";"1261321840";"Brocchinia acuminata L.B.Sm.";5.85;-62.03333;"gass84";"7bd65a7a-f762-11e1-a439-00145eb45e9a";"90fd6680-349f-11d8-aa2d-b8a03c50a862";"c4e134d3-c68f-406d-a116-6a37895602e0";"US";"DWC_ARCHIVE";"2020-02-21T14:54:19.467+0000";"2020-02-21T15:24:34.696+0000";108;"none";"PRESERVED_SPECIMEN";5287587;6;7707728;196;1369;3740;2693409;5287587;5287587;"Brocchinia acuminata L.B.Sm.";"Plantae";"Tracheophyta";"Poales";"Bromeliaceae";"Brocchinia";"Brocchinia acuminata";"Brocchinia";"acuminata";"SPECIES";"ACCEPTED";NA;1700;NA;"SOUTH_AMERICA";"Bolívar";NA;NA;NA;NA;"2020-02-21T15:24:34.696+0000";"http://creativecommons.org/licenses/by/4.0/legalcode";"none";"none";"none";"WGS84";"Liliopsida";"VE";"Venezuela, Bolivarian Republic of";"Steyermark 132100";"urn:catalog:MO:Tropicos:606979";NA;NA;"S projection";NA;"MO";"1261321840";"urn:catalog:MO:Tropicos:606979";"PhysicalObject";"606979";"Julian A. Steyermark|et al.";"MO";NA;NA;"http://biocol.org/urn:lsid:biocol.org:col:15859";NA;"Brocchinia acuminata L.B.Sm.";"Missouri Botanical Garden";NA;"Tropicos";NA;NA;NA;NA;NA;NA;NA;"ICNafp";NA;NA;NA;NA;NA;NA;NA;NA;NA;NA;"4301327";NA;"2011-06-10T10:23:00.000+0000";"No opinion";NA;"MOBOT";"http://www.tropicos.org/Specimen/606979";NA;NA
"51";"1261322093";"Brocchinia acuminata L.B.Sm.";5.16666;-62.11666;"gass84";"7bd65a7a-f762-11e1-a439-00145eb45e9a";"90fd6680-349f-11d8-aa2d-b8a03c50a862";"c4e134d3-c68f-406d-a116-6a37895602e0";"US";"DWC_ARCHIVE";"2020-02-21T14:54:19.467+0000";"2020-02-21T15:24:18.854+0000";108;"none";"PRESERVED_SPECIMEN";5287587;6;7707728;196;1369;3740;2693409;5287587;5287587;"Brocchinia acuminata L.B.Sm.";"Plantae";"Tracheophyta";"Poales";"Bromeliaceae";"Brocchinia";"Brocchinia acuminata";"Brocchinia";"acuminata";"SPECIES";"ACCEPTED";NA;1850;NA;"SOUTH_AMERICA";"Bolívar";NA;NA;NA;NA;"2020-02-21T15:24:18.854+0000";"http://creativecommons.org/licenses/by/4.0/legalcode";"none";"none";"none";"WGS84";"Liliopsida";"VE";"Venezuela, Bolivarian Republic of";"Steyermark 128473";"urn:catalog:MO:Tropicos:607203";NA;NA;NA;NA;"MO";"1261322093";"urn:catalog:MO:Tropicos:607203";"PhysicalObject";"607203";"Julian A. Steyermark|et al.";"MO";NA;NA;"http://biocol.org/urn:lsid:biocol.org:col:15859";NA;"Brocchinia acuminata L.B.Sm.";"Missouri Botanical Garden";NA;"Tropicos";NA;NA;NA;NA;NA;NA;NA;"ICNafp";NA;NA;NA;NA;NA;NA;NA;NA;NA;NA;"4301327";NA;"2011-06-10T10:23:00.000+0000";"No opinion";NA;"MOBOT";"http://www.tropicos.org/Specimen/607203";NA;NA
"52";"1261322110";"Brocchinia acuminata L.B.Sm.";4.5;-64.21666;"gass84";"7bd65a7a-f762-11e1-a439-00145eb45e9a";"90fd6680-349f-11d8-aa2d-b8a03c50a862";"c4e134d3-c68f-406d-a116-6a37895602e0";"US";"DWC_ARCHIVE";"2020-02-21T14:54:19.467+0000";"2020-02-21T15:24:01.513+0000";108;"none";"PRESERVED_SPECIMEN";5287587;6;7707728;196;1369;3740;2693409;5287587;5287587;"Brocchinia acuminata L.B.Sm.";"Plantae";"Tracheophyta";"Poales";"Bromeliaceae";"Brocchinia";"Brocchinia acuminata";"Brocchinia";"acuminata";"SPECIES";"ACCEPTED";NA;1410;NA;"SOUTH_AMERICA";"Bolívar";NA;NA;NA;NA;"2020-02-21T15:24:01.513+0000";"http://creativecommons.org/licenses/by/4.0/legalcode";"none";"none";"none";"WGS84";"Liliopsida";"VE";"Venezuela, Bolivarian Republic of";"Steyermark 108908";"urn:catalog:MO:Tropicos:607231";NA;NA;"Jaua Meseta, NE part";NA;"MO";"1261322110";"urn:catalog:MO:Tropicos:607231";"PhysicalObject";"607231";"Julian A. Steyermark|et al.";"MO";NA;NA;"http://biocol.org/urn:lsid:biocol.org:col:15859";NA;"Brocchinia acuminata L.B.Sm.";"Missouri Botanical Garden";NA;"Tropicos";NA;NA;NA;NA;NA;NA;NA;"ICNafp";NA;NA;NA;NA;NA;NA;NA;NA;NA;NA;"4301327";NA;"2011-06-10T10:23:00.000+0000";"No opinion";NA;"MOBOT";"http://www.tropicos.org/Specimen/607231";NA;NA
"53";"1261322121";"Brocchinia acuminata L.B.Sm.";4.76666;-63.91666;"gass84";"7bd65a7a-f762-11e1-a439-00145eb45e9a";"90fd6680-349f-11d8-aa2d-b8a03c50a862";"c4e134d3-c68f-406d-a116-6a37895602e0";"US";"DWC_ARCHIVE";"2020-02-21T14:54:19.467+0000";"2020-02-21T15:24:18.818+0000";108;"none";"PRESERVED_SPECIMEN";5287587;6;7707728;196;1369;3740;2693409;5287587;5287587;"Brocchinia acuminata L.B.Sm.";"Plantae";"Tracheophyta";"Poales";"Bromeliaceae";"Brocchinia";"Brocchinia acuminata";"Brocchinia";"acuminata";"SPECIES";"ACCEPTED";NA;1450;NA;"SOUTH_AMERICA";"Bolívar";NA;NA;NA;NA;"2020-02-21T15:24:18.818+0000";"http://creativecommons.org/licenses/by/4.0/legalcode";"none";"none";"none";"WGS84";"Liliopsida";"VE";"Venezuela, Bolivarian Republic of";"Steyermark 109715";"urn:catalog:MO:Tropicos:607222";NA;NA;"NE part";NA;"MO";"1261322121";"urn:catalog:MO:Tropicos:607222";"PhysicalObject";"607222";"Julian A. Steyermark|et al.";"MO";NA;NA;"http://biocol.org/urn:lsid:biocol.org:col:15859";NA;"Brocchinia acuminata L.B.Sm.";"Missouri Botanical Garden";NA;"Tropicos";NA;NA;NA;NA;NA;NA;NA;"ICNafp";NA;NA;NA;NA;NA;NA;NA;NA;NA;NA;"4301327";NA;"2011-06-10T10:23:00.000+0000";"No opinion";NA;"MOBOT";"http://www.tropicos.org/Specimen/607222";NA;NA
"54";"1261322129";"Brocchinia acuminata L.B.Sm.";5.18333;-62;"gass84";"7bd65a7a-f762-11e1-a439-00145eb45e9a";"90fd6680-349f-11d8-aa2d-b8a03c50a862";"c4e134d3-c68f-406d-a116-6a37895602e0";"US";"DWC_ARCHIVE";"2020-02-21T14:54:19.467+0000";"2020-02-21T15:24:01.513+0000";108;"none";"PRESERVED_SPECIMEN";5287587;6;7707728;196;1369;3740;2693409;5287587;5287587;"Brocchinia acuminata L.B.Sm.";"Plantae";"Tracheophyta";"Poales";"Bromeliaceae";"Brocchinia";"Brocchinia acuminata";"Brocchinia";"acuminata";"SPECIES";"ACCEPTED";NA;1920;NA;"SOUTH_AMERICA";"Bolívar";NA;NA;NA;NA;"2020-02-21T15:24:01.513+0000";"http://creativecommons.org/licenses/by/4.0/legalcode";"none";"none";"none";"WGS84";"Liliopsida";"VE";"Venezuela, Bolivarian Republic of";"Steyermark 129897";"urn:catalog:MO:Tropicos:607213";NA;NA;"Chimanta Massif, headwaters of Rio Arauac";NA;"MO";"1261322129";"urn:catalog:MO:Tropicos:607213";"PhysicalObject";"607213";"Julian A. Steyermark|Otto Huber";"MO";NA;NA;"http://biocol.org/urn:lsid:biocol.org:col:15859";NA;"Brocchinia acuminata L.B.Sm.";"Missouri Botanical Garden";NA;"Tropicos";NA;NA;NA;NA;NA;NA;NA;"ICNafp";NA;NA;NA;NA;NA;NA;NA;NA;NA;NA;"4301327";NA;"2008-05-27T22:02:00.000+0000";"No opinion";NA;"MOBOT";"http://www.tropicos.org/Specimen/607213";NA;NA
"55";"1261322144";"Brocchinia acuminata L.B.Sm.";5.3;-62.15;"gass84";"7bd65a7a-f762-11e1-a439-00145eb45e9a";"90fd6680-349f-11d8-aa2d-b8a03c50a862";"c4e134d3-c68f-406d-a116-6a37895602e0";"US";"DWC_ARCHIVE";"2020-02-21T14:54:19.467+0000";"2020-02-21T15:24:04.568+0000";108;"none";"PRESERVED_SPECIMEN";5287587;6;7707728;196;1369;3740;2693409;5287587;5287587;"Brocchinia acuminata L.B.Sm.";"Plantae";"Tracheophyta";"Poales";"Bromeliaceae";"Brocchinia";"Brocchinia acuminata";"Brocchinia";"acuminata";"SPECIES";"ACCEPTED";NA;2000;NA;"SOUTH_AMERICA";"Bolívar";NA;NA;NA;NA;"2020-02-21T15:24:04.568+0000";"http://creativecommons.org/licenses/by/4.0/legalcode";"none";"none";"none";"WGS84";"Liliopsida";"VE";"Venezuela, Bolivarian Republic of";"Steyermark 128137";"urn:catalog:MO:Tropicos:607264";NA;NA;"Chimanta Massif, NE central sector Chimanta tepui";NA;"MO";"1261322144";"urn:catalog:MO:Tropicos:607264";"PhysicalObject";"607264";"Julian A. Steyermark";"MO";NA;NA;"http://biocol.org/urn:lsid:biocol.org:col:15859";NA;"Brocchinia acuminata L.B.Sm.";"Missouri Botanical Garden";NA;"Tropicos";NA;NA;NA;NA;NA;NA;NA;"ICNafp";NA;NA;NA;NA;NA;NA;NA;NA;NA;NA;"4301327";NA;"2008-05-27T22:02:00.000+0000";"No opinion";NA;"MOBOT";"http://www.tropicos.org/Specimen/607264";NA;NA
"56";"1261322176";"Brocchinia acuminata L.B.Sm.";5.75;-63.71666;"gass84";"7bd65a7a-f762-11e1-a439-00145eb45e9a";"90fd6680-349f-11d8-aa2d-b8a03c50a862";"c4e134d3-c68f-406d-a116-6a37895602e0";"US";"DWC_ARCHIVE";"2020-02-21T14:54:19.467+0000";"2020-02-21T15:24:04.881+0000";108;"none";"PRESERVED_SPECIMEN";5287587;6;7707728;196;1369;3740;2693409;5287587;5287587;"Brocchinia acuminata L.B.Sm.";"Plantae";"Tracheophyta";"Poales";"Bromeliaceae";"Brocchinia";"Brocchinia acuminata";"Brocchinia";"acuminata";"SPECIES";"ACCEPTED";NA;1540;NA;"SOUTH_AMERICA";"Bolívar";NA;NA;NA;NA;"2020-02-21T15:24:04.881+0000";"http://creativecommons.org/licenses/by/4.0/legalcode";"none";"none";"none";"WGS84";"Liliopsida";"VE";"Venezuela, Bolivarian Republic of";"Steyermark 117512";"urn:catalog:MO:Tropicos:607272";NA;NA;"W sector";NA;"MO";"1261322176";"urn:catalog:MO:Tropicos:607272";"PhysicalObject";"607272";"Julian A. Steyermark|et al.";"MO";NA;NA;"http://biocol.org/urn:lsid:biocol.org:col:15859";NA;"Brocchinia acuminata L.B.Sm.";"Missouri Botanical Garden";NA;"Tropicos";NA;NA;NA;NA;NA;NA;NA;"ICNafp";NA;NA;NA;NA;NA;NA;NA;NA;NA;NA;"4301327";NA;"2011-06-10T10:23:00.000+0000";"No opinion";NA;"MOBOT";"http://www.tropicos.org/Specimen/607272";NA;NA
"57";"1261322231";"Brocchinia acuminata L.B.Sm.";4.81388;-64.56944;"gass84";"7bd65a7a-f762-11e1-a439-00145eb45e9a";"90fd6680-349f-11d8-aa2d-b8a03c50a862";"c4e134d3-c68f-406d-a116-6a37895602e0";"US";"DWC_ARCHIVE";"2020-02-21T14:54:19.467+0000";"2020-02-21T15:24:00.174+0000";108;"none";"PRESERVED_SPECIMEN";5287587;6;7707728;196;1369;3740;2693409;5287587;5287587;"Brocchinia acuminata L.B.Sm.";"Plantae";"Tracheophyta";"Poales";"Bromeliaceae";"Brocchinia";"Brocchinia acuminata";"Brocchinia";"acuminata";"SPECIES";"ACCEPTED";NA;1885;35;"SOUTH_AMERICA";"Bolívar";NA;NA;NA;NA;"2020-02-21T15:24:00.174+0000";"http://creativecommons.org/licenses/by/4.0/legalcode";"none";"none";"none";"WGS84";"Liliopsida";"VE";"Venezuela, Bolivarian Republic of";"Steyermark 109807";"urn:catalog:MO:Tropicos:607334";NA;NA;"SW part";NA;"MO";"1261322231";"urn:catalog:MO:Tropicos:607334";"PhysicalObject";"607334";"Julian A. Steyermark|et al.";"MO";NA;NA;"http://biocol.org/urn:lsid:biocol.org:col:15859";NA;"Brocchinia acuminata L.B.Sm.";"Missouri Botanical Garden";NA;"Tropicos";NA;NA;NA;NA;NA;NA;NA;"ICNafp";NA;NA;NA;NA;NA;NA;NA;NA;NA;NA;"4301327";NA;"2011-06-10T10:23:00.000+0000";"No opinion";NA;"MOBOT";"http://www.tropicos.org/Specimen/607334";NA;NA
"58";"1261322237";"Brocchinia acuminata L.B.Sm.";4.86666;-67.45;"gass84";"7bd65a7a-f762-11e1-a439-00145eb45e9a";"90fd6680-349f-11d8-aa2d-b8a03c50a862";"c4e134d3-c68f-406d-a116-6a37895602e0";"US";"DWC_ARCHIVE";"2020-02-21T14:54:19.467+0000";"2020-02-21T15:24:01.988+0000";108;"none";"PRESERVED_SPECIMEN";5287587;6;7707728;196;1369;3740;2693409;5287587;5287587;"Brocchinia acuminata L.B.Sm.";"Plantae";"Tracheophyta";"Poales";"Bromeliaceae";"Brocchinia";"Brocchinia acuminata";"Brocchinia";"acuminata";"SPECIES";"ACCEPTED";NA;1250;20;"SOUTH_AMERICA";"Amazonas";NA;NA;NA;NA;"2020-02-21T15:24:01.988+0000";"http://creativecommons.org/licenses/by/4.0/legalcode";"none";"none";"none";"WGS84";"Liliopsida";"VE";"Venezuela, Bolivarian Republic of";"Steyermark 105167";"urn:catalog:MO:Tropicos:607342";NA;NA;NA;NA;"MO";"1261322237";"urn:catalog:MO:Tropicos:607342";"PhysicalObject";"607342";"Julian A. Steyermark";"MO";NA;NA;"http://biocol.org/urn:lsid:biocol.org:col:15859";NA;"Brocchinia acuminata L.B.Sm.";"Missouri Botanical Garden";NA;"Tropicos";NA;NA;NA;NA;NA;NA;NA;"ICNafp";NA;NA;NA;NA;NA;NA;NA;NA;NA;NA;"4301327";NA;"2008-05-27T22:02:00.000+0000";"No opinion";NA;"MOBOT";"http://www.tropicos.org/Specimen/607342";NA;NA
"59";"1261322245";"Brocchinia acuminata L.B.Sm.";4.08333;-64.4;"cucdmis,gass84";"7bd65a7a-f762-11e1-a439-00145eb45e9a";"90fd6680-349f-11d8-aa2d-b8a03c50a862";"c4e134d3-c68f-406d-a116-6a37895602e0";"US";"DWC_ARCHIVE";"2020-02-21T14:54:19.467+0000";"2020-02-21T15:24:02.828+0000";108;"none";"PRESERVED_SPECIMEN";5287587;6;7707728;196;1369;3740;2693409;5287587;5287587;"Brocchinia acuminata L.B.Sm.";"Plantae";"Tracheophyta";"Poales";"Bromeliaceae";"Brocchinia";"Brocchinia acuminata";"Brocchinia";"acuminata";"SPECIES";"ACCEPTED";NA;1500;NA;"SOUTH_AMERICA";"Amazonas";NA;NA;NA;NA;"2020-02-21T15:24:02.828+0000";"http://creativecommons.org/licenses/by/4.0/legalcode";"none";"none";"none";"WGS84";"Liliopsida";"VE";"Venezuela, Bolivarian Republic of";"Steyermark 107507";"urn:catalog:MO:Tropicos:607351";NA;NA;"tributary to Rio Matacuni, frontier 7";NA;"MO";"1261322245";"urn:catalog:MO:Tropicos:607351";"PhysicalObject";"607351";"Julian A. Steyermark";"MO";NA;NA;"http://biocol.org/urn:lsid:biocol.org:col:15859";NA;"Brocchinia acuminata L.B.Sm.";"Missouri Botanical Garden";NA;"Tropicos";NA;NA;NA;NA;NA;NA;NA;"ICNafp";NA;NA;NA;NA;NA;NA;NA;NA;NA;NA;"4301327";NA;"2008-05-27T22:02:00.000+0000";"No opinion";NA;"MOBOT";"http://www.tropicos.org/Specimen/607351";NA;NA
"60";"1261322276";"Brocchinia acuminata L.B.Sm.";3.8;-65.766667;"cdround,gass84";"7bd65a7a-f762-11e1-a439-00145eb45e9a";"90fd6680-349f-11d8-aa2d-b8a03c50a862";"c4e134d3-c68f-406d-a116-6a37895602e0";"US";"DWC_ARCHIVE";"2020-02-21T14:54:19.467+0000";"2020-02-21T15:24:04.985+0000";108;"none";"PRESERVED_SPECIMEN";5287587;6;7707728;196;1369;3740;2693409;5287587;5287587;"Brocchinia acuminata L.B.Sm.";"Plantae";"Tracheophyta";"Poales";"Bromeliaceae";"Brocchinia";"Brocchinia acuminata";"Brocchinia";"acuminata";"SPECIES";"ACCEPTED";NA;1800;NA;"SOUTH_AMERICA";"Amazonas";NA;NA;NA;NA;"2020-02-21T15:24:04.985+0000";"http://creativecommons.org/licenses/by/4.0/legalcode";"none";"none";"none";"WGS84";"Liliopsida";"VE";"Venezuela, Bolivarian Republic of";"Steyermark 126444";"urn:catalog:MO:Tropicos:607358";NA;NA;NA;NA;"MO";"1261322276";"urn:catalog:MO:Tropicos:607358";"PhysicalObject";"607358";"Julian A. Steyermark|et al.";"MO";NA;NA;"http://biocol.org/urn:lsid:biocol.org:col:15859";NA;"Brocchinia acuminata L.B.Sm.";"Missouri Botanical Garden";NA;"Tropicos";NA;NA;NA;NA;NA;NA;NA;"ICNafp";NA;NA;NA;NA;NA;NA;NA;1;NA;NA;"4301327";NA;"2017-09-14T14:50:00.000+0000";"No opinion";NA;"MOBOT";"http://www.tropicos.org/Specimen/607358";NA;NA
"61";"1261322593";"Brocchinia acuminata L.B.Sm.";3.83333;-65.71666;"gass84";"7bd65a7a-f762-11e1-a439-00145eb45e9a";"90fd6680-349f-11d8-aa2d-b8a03c50a862";"c4e134d3-c68f-406d-a116-6a37895602e0";"US";"DWC_ARCHIVE";"2020-02-21T14:54:19.467+0000";"2020-02-21T15:24:13.719+0000";108;"none";"PRESERVED_SPECIMEN";5287587;6;7707728;196;1369;3740;2693409;5287587;5287587;"Brocchinia acuminata L.B.Sm.";"Plantae";"Tracheophyta";"Poales";"Bromeliaceae";"Brocchinia";"Brocchinia acuminata";"Brocchinia";"acuminata";"SPECIES";"ACCEPTED";"1997-01-01T00:00:00";1720;NA;"SOUTH_AMERICA";"Amazonas";NA;NA;NA;NA;"2020-02-21T15:24:13.719+0000";"http://creativecommons.org/licenses/by/4.0/legalcode";"none";"none";"none";"WGS84";"Liliopsida";"VE";"Venezuela, Bolivarian Republic of";"Liesner 18092";"urn:catalog:MO:Tropicos:607675";NA;NA;"summit";NA;"MO";"1261322593";"urn:catalog:MO:Tropicos:607675";"PhysicalObject";"607675";"Ronald L. Liesner";"MO";NA;NA;"http://biocol.org/urn:lsid:biocol.org:col:15859";"FVG (B.K.Holst)";"Brocchinia acuminata L.B.Sm.";"Missouri Botanical Garden";NA;"Tropicos";NA;NA;NA;NA;NA;NA;NA;"ICNafp";NA;NA;NA;NA;NA;NA;NA;NA;NA;NA;"4301327";NA;"2008-05-27T22:02:00.000+0000";"No opinion";NA;"MOBOT";"http://www.tropicos.org/Specimen/607675";NA;NA
